-- phpMyAdmin SQL Dump
-- version 4.0.5
-- http://www.phpmyadmin.net
--
-- Хост: localhost
-- Время создания: Сен 04 2014 г., 16:02
-- Версия сервера: 5.5.31-0+wheezy1-log
-- Версия PHP: 5.4.4-14+deb7u7

SET SQL_MODE = "NO_AUTO_VALUE_ON_ZERO";
SET time_zone = "+00:00";


/*!40101 SET @OLD_CHARACTER_SET_CLIENT=@@CHARACTER_SET_CLIENT */;
/*!40101 SET @OLD_CHARACTER_SET_RESULTS=@@CHARACTER_SET_RESULTS */;
/*!40101 SET @OLD_COLLATION_CONNECTION=@@COLLATION_CONNECTION */;
/*!40101 SET NAMES utf8 */;

--
-- База данных: `cola`
--

-- --------------------------------------------------------

--
-- Структура таблицы `boxes`
--

CREATE TABLE IF NOT EXISTS `boxes` (
  `box_id` int(11) NOT NULL AUTO_INCREMENT,
  `place_id` int(10) unsigned DEFAULT NULL,
  `response` text COLLATE utf8_unicode_ci,
  `status` int(11) NOT NULL DEFAULT '0',
  PRIMARY KEY (`box_id`),
  KEY `fk_boxes_places_idx` (`place_id`)
) ENGINE=InnoDB  DEFAULT CHARSET=utf8 COLLATE=utf8_unicode_ci AUTO_INCREMENT=75 ;

--
-- Дамп данных таблицы `boxes`
--

INSERT INTO `boxes` (`box_id`, `place_id`, `response`, `status`) VALUES
(1, 1, 'blow me', 2),
(8, 8, '', 2),
(10, 10, '', 2),
(19, 21, '', 2),
(20, 22, '', 2),
(23, 1, 'thank you', 2),
(25, 8, '', 3),
(29, 25, '', 2),
(33, NULL, '', 0),
(34, 1, 'Дякуємо Вам.', 3),
(35, 25, '', 2),
(36, NULL, '', 3),
(37, 10, '', 3),
(38, 8, '', 3),
(39, NULL, '', 0),
(40, NULL, NULL, 0),
(41, 10, '', 2),
(42, NULL, '', 3),
(43, NULL, NULL, 0),
(44, NULL, NULL, 0),
(45, NULL, NULL, 0),
(46, NULL, NULL, 0),
(47, NULL, NULL, 0),
(48, NULL, '', 3),
(49, NULL, NULL, 0),
(50, NULL, '', 0),
(51, 25, 'Aenean lacus arcu, blandit et pulvinar porta, tincidunt in massa. Nunc placerat eget sapien in adipiscing. Nulla placerat mollis elit, laoreet cursus sapien mollis et. Pellentesque vehicula lobortis rutrum. Donec molestie sem at urna gravida, adipiscing sagittis augue pretium. Curabitur posuere consequat metus sit amet placerat', 2),
(52, NULL, NULL, 0),
(53, NULL, NULL, 0),
(54, 45, '', 2),
(55, 46, '', 0),
(56, 47, NULL, 0),
(57, 21, '', 2),
(58, 48, NULL, 0),
(59, 49, NULL, 0),
(60, 50, NULL, 0),
(61, 51, NULL, 0),
(62, 52, NULL, 0),
(63, NULL, NULL, 0),
(64, 54, NULL, 0),
(65, 55, NULL, 0),
(66, 56, NULL, 0),
(67, 57, NULL, 0),
(68, 58, NULL, 0),
(69, 22, NULL, 0),
(70, NULL, 'Дякуємо.', 3),
(71, 45, NULL, 0),
(72, 21, NULL, 0),
(74, 59, NULL, 0);

-- --------------------------------------------------------

--
-- Структура таблицы `gifts`
--

CREATE TABLE IF NOT EXISTS `gifts` (
  `gift_id` int(10) unsigned NOT NULL AUTO_INCREMENT,
  `box_id` int(11) NOT NULL,
  `code` varchar(20) COLLATE utf8_unicode_ci NOT NULL,
  `name` varchar(60) COLLATE utf8_unicode_ci NOT NULL,
  `city` varchar(60) COLLATE utf8_unicode_ci NOT NULL,
  `email` varchar(60) COLLATE utf8_unicode_ci DEFAULT NULL,
  `message` text COLLATE utf8_unicode_ci,
  `moderated` int(1) DEFAULT NULL,
  PRIMARY KEY (`gift_id`),
  UNIQUE KEY `gift_id_UNIQUE` (`gift_id`),
  UNIQUE KEY `code_UNIQUE` (`code`),
  KEY `fk_gifts_boxes1_idx` (`box_id`)
) ENGINE=InnoDB  DEFAULT CHARSET=utf8 COLLATE=utf8_unicode_ci AUTO_INCREMENT=624 ;

--
-- Дамп данных таблицы `gifts`
--

INSERT INTO `gifts` (`gift_id`, `box_id`, `code`, `name`, `city`, `email`, `message`, `moderated`) VALUES
(2, 1, '1235', 'Kolya', 'Herson', 'qcom', 'die', 1),
(23, 1, '1', 'Peter', 'London', NULL, 'be happy', 1),
(24, 1, '2', 'Peter', 'London', '@q.com', 'be happy', 1),
(25, 1, '4413846', 'Peter', 'London', 'q.com', 'be happy', 1),
(26, 1, '5762202', 'Peter', 'London', NULL, 'be happy', 1),
(27, 1, '6600059', 'Gtnhj', 'new york', 'q@q.com', 'gdfgdfgd  fsfsfsf', 1),
(30, 1, '9406983', 'Eugene', 'Kiev', 'eugene@v.com', 'have some fun', 1),
(31, 1, '7500561', 'Eugene', 'Kiev', 'df@dss.dd', 'have some fun', 1),
(37, 1, '1A2Af', 'Peter', 'London', '', 'be happy', 1),
(45, 1, '33333', 'noname', 'nocity', 'here@some.com', 'notext', 1),
(47, 1, '1A2A', 'noname', 'nocity', 'here@some.com', 'notext', 1),
(51, 1, '123', 'Peter', 'London', '', 'be happy', 1),
(52, 1, '123435', 'sdf', 'London', 'q@q.com', '', 1),
(60, 1, '1A2123', 'тест', 'London', NULL, 'be happy', 1),
(115, 10, 'fsrd', 'ffa asf', 'ffs fsf', 'ааі@ffsf', 'fsdfsdf', 1),
(131, 10, 'fscvc', 'Peter', 'London', '', 'be happy', 1),
(142, 23, '1A2Aaaasadasd', 'Peter', 'London', NULL, 'be happy', 1),
(143, 23, '1A2Adsfsdfsdfsdf', 'Peter', 'London', NULL, 'be happy', 1),
(144, 23, '1A2Agsag', 'Peter', 'London', NULL, 'be happy', 1),
(145, 23, '1gsdgA2Agsag', 'Peter', 'London', NULL, 'be happy', 1),
(146, 23, '1gsdgA2Agsagdf', 'Peter', 'London', NULL, 'be happy', 1),
(147, 23, '1gsdgA2Ag', 'Peter', 'London', NULL, 'be happy', 1),
(148, 23, '1gsdg52Ag', 'Peter', 'London', NULL, 'be happy', 1),
(149, 23, '1gsdg62Ag', 'Peter', 'London', NULL, 'be happy', 1),
(150, 23, '1gsdg72Ag', 'Peter', 'London', NULL, 'be happy', 1),
(151, 23, '1gsdg82Ag', 'Peter', 'London', NULL, 'be happy', 1),
(152, 23, '1gsdg92Ag', 'Peter', 'London', NULL, 'be happy', 1),
(153, 23, '1gsdg13Ag', 'Peter', 'London', NULL, 'be happy', 1),
(154, 23, '1gsdg14Ag', 'Peter', 'London', NULL, 'be happy', 1),
(155, 23, '1gsdg15Ag', 'Peter', 'London', NULL, 'be happy', 1),
(156, 23, '1gsdg16Ag', 'Peter', 'London', NULL, 'be happy', 1),
(157, 23, '1gsdg17Ag', 'Peter', 'London', NULL, 'be happy', 1),
(158, 23, '1gsdg18Ag', 'Peter', 'London', NULL, 'be happy', 1),
(159, 23, '1gsdg19Ag', 'Peter', 'London', NULL, 'be happy', 1),
(160, 23, '1gsdg20Ag', 'Peter', 'London', NULL, 'be happy', 1),
(161, 23, '1gsdg21Ag', 'Peter', 'London', NULL, 'be happy', 1),
(162, 23, '1gsdg22Ag', 'Peter', 'London', NULL, 'be happy', 1),
(163, 23, '1gsdg23Ag', 'Peter', 'London', NULL, 'be happy', 1),
(172, 10, 'asd2dcs', 'Peter', 'London', NULL, 'be happy', 1),
(173, 10, 'asd3dcs', 'Peter', 'London', NULL, 'be happy', 1),
(174, 10, 'dfs1dd', 'Peter', 'London', NULL, 'be happy', 1),
(176, 8, 'dfds2dd', 'Peter', 'London', NULL, 'be happy', 1),
(177, 8, 'dfds3dd', 'Peter', 'London', NULL, 'be happy', 1),
(178, 8, 'dfds4dd', 'Peter', 'London', NULL, 'be happy', 1),
(179, 8, 'dfds5dd', 'Peter', 'London', NULL, 'be happy', 1),
(180, 8, 'dfds6dd', 'Peter', 'London', NULL, 'be happy', 1),
(181, 8, 'dfds7dd', 'Peter', 'London', NULL, 'be happy', 1),
(182, 8, 'dfds8dd', 'Peter', 'London', NULL, 'be happy', 1),
(183, 8, 'dfds9dd', 'Peter', 'London', NULL, 'be happy', 1),
(184, 8, 'dfds10dd', 'Peter', 'London', NULL, 'be happy', 1),
(185, 8, 'dfds11dd', 'Peter', 'London', NULL, 'be happy', 1),
(186, 8, 'dfds12dd', 'Peter', 'London', NULL, 'be happy', 1),
(187, 8, 'dfds13dd', 'Peter', 'London', NULL, 'be happy', 1),
(188, 8, 'dfds14dd', 'Peter', 'London', NULL, 'be happy', 1),
(189, 8, 'dfds15dd', 'Peter', 'London', NULL, 'be happy', 1),
(190, 8, 'dfds16dd', 'Peter', 'London', NULL, 'be happy', 1),
(191, 8, 'dfds17dd', 'Peter', 'London', NULL, 'be happy', 1),
(192, 8, 'dfds18dd', 'Peter', 'London', NULL, 'be happy', 1),
(193, 8, 'dfds19dd', 'Peter', 'London', NULL, 'be happy', 1),
(194, 8, 'dfds20dd', 'Peter', 'London', NULL, 'be happy', 1),
(195, 8, 'dfds21dd', 'Peter', 'London', NULL, 'be happy', 1),
(196, 8, 'dfds22dd', 'Peter', 'London', NULL, 'be happy', 1),
(197, 8, 'dfds23dd', 'Peter', 'London', NULL, 'be happy', 1),
(200, 25, 'dfds26dd', 'Peter', 'London', NULL, 'be happy', 1),
(201, 25, 'dfds27dd', 'Peter', 'London', NULL, 'be happy', 1),
(202, 25, 'dfds28dd', 'Peter', 'London', NULL, 'be happy', 1),
(203, 25, 'dfds29dd', 'Peter', 'London', NULL, 'be happy', 1),
(204, 25, 'dfds30dd', 'Peter', 'London', NULL, 'be happy', 1),
(205, 25, 'dfds31dd', 'Peter', 'London', NULL, 'be happy', 1),
(206, 25, 'dfds32dd', 'Peter', 'London', NULL, 'be happy', 1),
(207, 25, 'dfds33dd', 'Peter', 'London', NULL, 'be happy', 1),
(208, 25, 'dfds34dd', 'Peter', 'London', NULL, 'be happy', 1),
(209, 25, 'dfds35dd', 'Peter', 'London', NULL, 'be happy', 1),
(210, 10, 'dfds36dd', 'Peter', 'London', NULL, 'be happy', 1),
(211, 10, 'dfds37dd', 'Peter', 'London', NULL, 'be happy', 1),
(212, 10, 'dfds38dd', 'Peter', 'London', NULL, 'be happy', 1),
(232, 25, 'dfds58dd', 'Peter', 'London', NULL, 'be happy', 1),
(233, 25, 'dfds59dd', 'Peter', 'London', NULL, 'be happy', 1),
(234, 25, 'dfds60dd', 'Peter', 'London', NULL, 'be happy', 1),
(235, 25, 'dfds61dd', 'Peter', 'London', NULL, 'be happy', 1),
(236, 25, 'dfds62dd', 'Peter', 'London', NULL, 'be happy', 1),
(237, 25, 'dfds63dd', 'Peter', 'London', NULL, 'be happy', 1),
(238, 25, 'dfds64dd', 'Peter', 'London', NULL, 'be happy', 1),
(239, 25, 'dfds65dd', 'Peter', 'London', NULL, 'be happy', 1),
(240, 25, 'dfds66dd', 'Peter', 'London', NULL, 'be happy', 1),
(241, 25, 'dfds67dd', 'Peter', 'London', NULL, 'be happy', 1),
(242, 25, 'dfds68dd', 'Peter', 'London', NULL, 'be happy', 1),
(248, 10, 'dfds74dd', 'Peter', 'London', NULL, 'be happy', 1),
(249, 10, 'dfds75dd', 'Peter', 'London', NULL, 'be happy', 1),
(250, 10, 'dfds76dd', 'Peter', 'London', NULL, 'be happy', 1),
(251, 10, 'dfds77dd', 'Peter', 'London', NULL, 'be happy', 1),
(252, 23, '1A2A123aaasadasd', 'Peter', 'London', NULL, 'be happy', 1),
(255, 25, '1A2As1', 'Peter', 'London', '', 'be happy', 1),
(256, 25, '1A2As2', 'Peter', 'London', 'q@q.com', 'be happy', 1),
(257, 10, '1A2As3', 'Peter', 'London', '', 'be happy', 1),
(258, 10, '1A2As4', 'Мізмаїльська', 'Мізмаїльськ', '', 'fsfsfsf     Тост (т', 1),
(259, 29, '1A2As5', 'Мізмаїльська Євгенія БорисівЗО', 'Мізмаїльська Євгенія БорисівЗО', '', 'Тост', 1),
(260, 29, 'code260', 'Peter', 'London', '', 'be happy', 1),
(261, 29, 'code261', 'Peter', 'London', '', 'be happy', 1),
(262, 29, 'code262', 'Peter', 'London', 'q@q.com', 'be happy', 1),
(263, 29, 'code263', 'Peter', 'London', '', 'be happy', 1),
(264, 29, 'code264', 'Peter', 'London', 'q@q.com', 'be happy', 1),
(265, 29, 'code265', 'Peter', 'London', '', 'be happy', 1),
(266, 29, 'code266', 'Peter', 'London', '', 'be happy', 1),
(267, 29, 'code267', 'Peter', 'London', '', 'be happy', 1),
(268, 10, '1asdasd', 'Peter', 'London', 'hi@there.com', 'be happy', 1),
(269, 29, 'code270', 'Peter', 'London', '', 'be happy', 1),
(270, 29, 'code271', 'Peter', 'London', 'q@q.com', 'be happy', 1),
(271, 29, 'cod271', 'Peter', 'London', '', 'be happy', 1),
(272, 29, 'cod272', 'Peter', 'London', NULL, 'be happy', 1),
(273, 29, 'cod273', 'Peter', 'London', 'NULL', 'be happy', 1),
(274, 29, 'cod274', 'Peter', 'London', 'NULL', 'be happy', 1),
(275, 29, 'cod275', 'Peter', 'London', NULL, 'be happy', 1),
(276, 29, 'cod276', 'Peter', 'London', 'q@q.com', 'be happy', 1),
(277, 29, 'cod277', 'Peter', 'London', NULL, 'be happy', 1),
(278, 8, '1A2A11221', 'Peter', 'London', NULL, 'be happy', 1),
(280, 23, '1A2Acod3', 'Peter', 'London', NULL, 'be happy', 1),
(281, 29, '1A2Acod4', 'Peter', 'London', NULL, 'be happy', 1),
(282, 29, '1A2Acod5', 'Peter', 'London', NULL, 'be happy', 1),
(283, 29, '1A2Acod6', 'Peter', 'London', NULL, 'be happy', 1),
(284, 29, '1A2Acod7', 'Peter', 'London', NULL, 'be happy', 1),
(285, 29, '1A2Acod8', 'Peter', 'London', NULL, 'be happy', 1),
(286, 29, '1A2Acod9', 'Peter', 'London', NULL, 'be happy', 1),
(287, 35, '1A2Acod10', 'Peter', 'London', 'denis.pereheyda@miritec.com', 'be happy', 1),
(288, 36, '1A2Acod11', 'Peter', 'London', 'dos533@ukr.net', 'be happy', 1),
(289, 10, '1A2Acod13', 'Peter', 'London', NULL, 'be happy', 1),
(290, 10, '1A2Acod14', 'Peter', 'London', NULL, 'be happy', 1),
(291, 10, '1A2Acod15', 'Peter', 'London', NULL, 'be happy', 1),
(292, 10, '1A2Acod16', 'Peter', 'London', NULL, 'be happy', 1),
(293, 10, '1A2Acod17', 'Peter', 'London', NULL, 'be happy', 1),
(294, 10, '1A2Acod18', 'Peter', 'London', NULL, 'be happy', 1),
(295, 10, '1A2Acod19', 'Peter', 'London', NULL, 'be happy', 1),
(296, 10, '1A2Acod20', 'Peter', 'London', NULL, 'be happy', 1),
(297, 10, '1A2Acod210', 'Peter', 'London', NULL, 'be happy', 1),
(298, 37, '1A2Acod22', 'Peter', 'London', NULL, 'be happy', 1),
(299, 37, '1A2Acod23', 'Peter', 'London', NULL, 'be happy', 1),
(300, 37, '1A2Acod24', 'Peter', 'London', NULL, 'be happy', 1),
(301, 25, '1A2Acod25', 'Peter', 'London', NULL, 'be happy', 1),
(302, 38, '1A2Acod26', 'Peter', 'London', NULL, 'be happy', 1),
(303, 38, '1A2Acod27', 'Peter', 'London', NULL, 'be happy', 1),
(304, 38, '1A2Acod28', 'Peter', 'London', NULL, 'be happy', 1),
(305, 38, '1A2Acod29', 'Peter', 'London', NULL, 'be happy', 1),
(306, 38, '1A2Acod30', 'Peter', 'London', NULL, 'be happy', 1),
(307, 38, '1A2Acod31', 'Peter', 'London', NULL, 'be happy', 1),
(308, 38, '1A2Acod32', 'Peter', 'London', NULL, 'be happy', 1),
(309, 38, '1A2Acod33', 'Peter', 'London', NULL, 'be happy', 1),
(310, 38, '1A2Acod34', 'Peter', 'London', NULL, 'be happy', 1),
(311, 38, '1A2Acod35', 'Peter', 'London', NULL, 'be happy', 1),
(312, 38, '1A2Acod36', 'Peter', 'London', NULL, 'be happy', 1),
(313, 38, '1A2Acod37', 'Peter', 'London', NULL, 'be happy', 1),
(314, 38, '1A2Acod38', 'Peter', 'London', NULL, 'be happy', 1),
(315, 38, '1A2Acod39', 'Peter', 'London', NULL, 'be happy', 1),
(316, 38, '1A2Acod40', 'Peter', 'London', NULL, 'be happy', 1),
(317, 38, '1A2Acod42', 'Peter', 'London', NULL, 'be happy', 1),
(318, 38, '1A2Acod43', 'Peter', 'London', NULL, 'be happy', 1),
(319, 38, '1A2Acod44', 'Peter', 'London', NULL, 'be happy', 1),
(320, 38, '1A2Acod45', 'Peter', 'London', NULL, 'be happy', 1),
(321, 38, '1A2Acod46', 'Peter', 'London', NULL, 'be happy', 1),
(322, 38, '1A2Acod47', 'Peter', 'London', NULL, 'be happy', 1),
(323, 38, '1A2Acod48', 'Peter', 'London', NULL, 'be happy', 1),
(324, 38, '1A2Acod49', 'Peter', 'London', NULL, 'be happy', 1),
(325, 38, '1A2Acod50', '', 'London', NULL, 'be happy', 1),
(326, 34, '1A2Adgfdgfdgdgd', 'Peter', 'London', NULL, 'be happy', 1),
(327, 34, '1A2Acod51', 'Peter', 'London', NULL, 'be happy', 1),
(328, 34, '1A2Acod52', 'Peter', 'London', NULL, 'be happy', 1),
(329, 34, '1A2Acod53', 'Peter', 'London', NULL, 'be happy', 1),
(330, 34, '1a2acod54', 'Peter', 'London', 'q@q.com', 'be happy', 1),
(331, 34, '1a2acod55', 'Peter', 'London', NULL, 'be happy', 1),
(332, 34, '1a2acod56', 'Peter', 'London', NULL, 'be happy', 1),
(333, 34, '1A2Acod57', 'ffff', 'London', NULL, 'be happy', 1),
(334, 34, '1A2Acod481111', 'Peter', 'London', NULL, 'be happy', 1),
(335, 34, '1A2Acod58', 'Peter', 'London', NULL, 'be happy', 1),
(336, 34, '1A2Acod59', 'Peter', 'London', NULL, 'be happy', 1),
(337, 34, '1A2Afadadad', 'Peter', 'London', NULL, 'be happy', 1),
(338, 34, '1A2Afadadadaa', 'Peter', 'London', NULL, 'be happy', 1),
(339, 34, '1A2Afadadadaa1', 'Peter', 'London', NULL, 'be happy', 1),
(340, 34, '1A2Acod61', 'Peter', 'London', NULL, 'be happy', 1),
(341, 34, '1A2Acod62', 'Peter', 'London', 'q@q.com', 'be happy', 1),
(342, 34, '1234a', 'Peter', 'London', 'q@q.com', 'be happy', 1),
(343, 34, '1A2Acod63', 'Peter', 'London', 'q@q.com', 'be happy', 1),
(344, 34, '1A2Acod64', 'Peter', 'London', NULL, 'be happy', 1),
(345, 34, '1A2Acod66', 'Peter', 'London', NULL, 'be happy', 1),
(346, 34, '250wetr3245', 'Eugene', 'Kiev', NULL, 'die mazafaka', 1),
(356, 37, '1A2Acod67', 'Peter', 'London', 'q@q.com', 'be happy', 1),
(357, 37, '1A2Acod68', 'Peter', 'London', NULL, 'be happy', 1),
(358, 34, '1A2Acod300', 'Peter', 'London', NULL, 'be happy', 1),
(359, 34, '1A2Acod301', 'Peter', 'London', 'lord@book.ru', 'be happy', 1),
(360, 34, '1A2Acod306', 'Pefter', 'Lon  don', 'q@q.com', 'be happy', 1),
(361, 37, '1A2Acod308', 'Peter', 'London', NULL, 'be happy', 1),
(362, 37, '1A2Acod303', 'Peter', 'London', 'q@q.com', 'be happy', 1),
(363, 37, '1A2Acod307', 'Peter', 'London', NULL, 'be happy', 1),
(364, 37, '1A2Acod309', 'Peter', 'London', NULL, 'be happy', 1),
(366, 37, '1A2A3245325234542', 'Peter', 'London', NULL, 'be happy', 1),
(367, 37, '1A2Acod311', 'Peter', 'London', NULL, 'be happy', 1),
(368, 37, '1A2Acod312', 'Peterdgdfgfddg', 'London    ', NULL, 'be happyfhhdfh    ', 1),
(369, 37, '1A2Acod313', 'Peter', 'London', NULL, 'be happy', 1),
(370, 37, '1A2Acod315', 'Peter', 'London', NULL, 'be happy', 1),
(372, 37, '1A2Acod318', 'Peter', 'London', NULL, 'be happy', 1),
(373, 37, '1A2Acod319', 'Peter', 'London', NULL, 'be happy', 1),
(374, 37, '1A2Acod332', 'Peter', 'London', NULL, 'be happy', 1),
(375, 20, '1A2werwerwerA', 'Peter', 'London', 'denis.pereheyda@miritec.com', 'be happy', 1),
(376, 37, '1A2332fAwerwer', 'Peter', 'London', NULL, 'be happy', 1),
(377, 37, '1A2Acod322', 'Peter', 'London', NULL, 'be happy', 1),
(378, 37, '1A2Acod323', 'Peter', 'London', NULL, 'be happy', 1),
(379, 37, '1A2Acod324', 'Peter', 'London', NULL, 'be happy', 1),
(380, 37, '1A2Acod331', 'Peter', 'London', NULL, 'be happy', 1),
(381, 37, '1A2Acod3333', 'Peter', 'London', NULL, 'be happy', 1),
(382, 37, '1A2Acod340', 'Peter', 'London', NULL, 'be happy', 1),
(383, 41, '1A2Acod341', 'Peter', 'London', NULL, 'be happy', 1),
(384, 41, '1A2Acod342', 'Peter', 'London', NULL, 'be happy', 1),
(385, 41, '1A2Acod343', 'Peter', 'London', 'maksim.loyko@miritec.com', 'be happy', 1),
(386, 41, '1A2Acod344', 'Peter', 'London', NULL, 'be happy', 1),
(387, 41, '1A2Acod345', 'Peter', 'London', NULL, 'be happy', 1),
(388, 41, '1A2Acod346', 'Peter', 'London', 'some@email.com', 'be happy', 1),
(389, 41, '1A2Acod347', 'Peter', 'London', NULL, 'be happy', 1),
(390, 41, '1A2Acod348', 'Peter', 'London', 'q@q.com', 'be happy', 1),
(391, 41, '1A2Acod350', 'Peter', 'London', NULL, 'be happy', 1),
(392, 41, '1A2Acod351', 'Peter', 'London', NULL, 'be happy', 1),
(393, 41, '1A2Acod352', 'Peter', 'London', NULL, 'be happy', 1),
(394, 41, '1A2Acod353', 'Peter', 'London', 'q@q.com', 'be happy', 1),
(395, 41, '1A2Acod354', 'Петро', 'Глеваха', 'q@q.com', 'Тост (трішки жартівливий, але не сороміць', 1),
(396, 41, '1A2Acod356', 'Peter', 'London', NULL, 'be happy', 1),
(397, 41, '1A2Acod357', 'Peter', 'London', 'q@q.com', 'be happy', 1),
(398, 41, '1A2Acod360', 'Peter', 'London', 'q@q.com', 'be happy', 1),
(399, 41, '1A2Acod361', 'Peter', 'London', 'q@q.com', 'be happy', 1),
(400, 41, '1A2Acod362', 'Peter', 'London', NULL, 'be happy', 1),
(401, 19, '1A2Acod363', 'Peter', 'London', NULL, 'be happy', 1),
(402, 19, '1A2Acod365', 'Peter', 'London', NULL, 'be happy', 1),
(403, 19, '1A2Acod370', 'Peter', 'London', NULL, 'be happy', 1),
(404, 19, '1A2Acod371', 'Peter', 'London', NULL, 'be happy', 1),
(405, 19, '1A2Acod375', 'Peter', 'London', NULL, 'be happy', 1),
(406, 19, '1A2Acod376', 'Peter', 'London', NULL, 'be happy', 1),
(407, 19, '1A2Acod377', 'Peter', 'London', NULL, 'be happy', 1),
(408, 19, '1A2Acod366', 'Peter', 'London', NULL, 'be happy', 1),
(409, 19, '1A2Acod367', 'Peter', 'London', NULL, 'be happy', 1),
(410, 48, '1A2Acod374', 'Peter', 'London', NULL, 'be happy', 1),
(411, 19, '1234йцукфыва', 'Peter', 'London', NULL, 'be happy', 1),
(412, 19, '1dsf234sdfsdf', 'Peter', 'London', NULL, 'be happy', 1),
(413, 19, '1dsуцкц', 'Peter', 'London', NULL, 'be happy', 1),
(414, 19, '1234', 'Peter', 'London', NULL, 'be happy', 1),
(415, 19, 'qwerqwer1234', 'nickeras', 'kyiv', NULL, 'burn in hell', 1),
(416, 19, '12349673456', '42365', '2345', NULL, '2345', 1),
(417, 35, '1a2acod380', 'hhh', 'hhh', NULL, 'hhh', 1),
(420, 35, 'WAIERSL', 'gdfgf', 'dfgdfg', NULL, 'gfdg', 1),
(421, 35, 'HBGHADS', 'gdfgf', 'dfgdfg', NULL, 'gfdg', 1),
(422, 35, '97I7MZH', 'gdfgf', 'dfgdfg', NULL, 'gfdg', 1),
(424, 35, 'VT89KOV', 'gdfgf', 'dfgdfg', NULL, 'gfdg', 1),
(425, 35, 'BPAX2FZ', 'gdfgf', 'dfgdfg', NULL, 'gfdg', 1),
(428, 35, 'Z3AZYZA', 'gdfgf', 'dfgdfg', NULL, 'gfdg', 1),
(429, 50, '1a2acod378', 'vvv', 'vvvv', 'qwerty@qwe.qw', '', 1),
(434, 35, 'Y87TPXC', 'name', 'city', NULL, '', 1),
(435, 35, 'IN8HX3K', 'name', 'city', NULL, '', 1),
(436, 35, 'AYYZ7PS', 'name', 'city', NULL, '', 1),
(437, 35, 'FBWHLKH', 'name1', 'city1', NULL, '', 1),
(438, 35, '8EWPVIL', 'name', 'city', NULL, '', 1),
(439, 35, 'XU2TITP', 'gdfgf', 'dfgdfg', NULL, 'gfdg', 1),
(440, 35, 'GGGTBNI', 'gdfgf', 'dfgdfg', NULL, 'gfdg', 1),
(441, 35, 'HC8SMBK', 'gdfgf', 'dfgdfg', NULL, 'gfdg', 1),
(443, 35, 'BKF7ISX', 'den1', 'bc1', 'q@q.com', 'Good morning', 1),
(444, 35, 'AXTVIIC', 'den2', 'bc2', NULL, 'good morning', 1),
(445, 35, 'D298ZZG', 'den3', 'bc3', NULL, 'Name:  Мізмаїльська Євгенія БорисівЗОName:  Мізмаїльська Євгенія БорисівЗО', 1),
(447, 35, 'RPEBMC8', 'Євген', 'Київ', NULL, 'Пийте кока колу', 1),
(448, 35, 'CLRIBMZ', 'Max', 'Kiev', NULL, '', 1),
(449, 35, 'NUAGB8P', 'Max', 'Kiev', NULL, '', 1),
(450, 50, 'VH0KYWN', 'den4', 'bc4', 'qwerty@qwe.qw', 'fsdsdfsdf', 1),
(451, 35, '8DON23K', 'ddd', 'ddd', NULL, '', 1),
(452, 35, 'VDNV38S', 'ddd', 'ddd', NULL, '', 1),
(453, 51, 'UBYOSCB', 'vxvvc', 'vxcv', NULL, '', 1),
(454, 51, 'WLN2X9E', 'Text: Wishing you a wonderful day, Hugs and kisses I''m sendi', 'Text: Wishing you a wonderful day, Hugs and kisses I''m sendi', NULL, 'Text: Wishing you a wonderful day', 1),
(455, 51, 'IFWB3YL', 'ffff', 'bc', NULL, '', 1),
(458, 51, 'RSINHNS', 'den', 'bc', 'df@fg', 'Дарую радість ця!', 1),
(459, 51, 'ARGT2PP', 'den', 'bb', 'ddf!@ff', 'Дарую радість ця!', 1),
(460, 51, 'HSH8F8U', 'ffff', 'asda', 'das', 'Дарую радість ця!', 1),
(461, 51, 'LHK89FG', 'gdgdf', 'gdfg', 'gdfgdfg', 'Дарую радість ця!', 1),
(462, 50, 'TEGHSMW', 'd', 'd', 'some@email.com', '', 1),
(464, 51, 'KSLVZEF', 'ggfggg', 'gggg', 'GGGGGGGGGGG@FFF.VVVVVV', '', 1),
(465, 51, 'ZONA3DW', 'Денис', 'біла церква', NULL, 'доий день вка подяка. ііїї ііиии ййьь235!"№;%:?*()', 1),
(466, 51, 'UYGCD37', 'апааа', 'аааа', 'ffff@fffff.fff', 'дякую вам ааааа', 1),
(467, 1, '6D89P37', 'ияврярыр', 'gggвпвпg', NULL, 'Coca-Cola дарує Cola - радість навколо!', 1),
(468, 51, 'SMGX9TT', 'gggg', 'gggg', NULL, '', 1),
(469, 51, '9UT2W87', 'gggg', 'gggg', NULL, 'ggggggggggggggg', 1),
(470, 51, 'PWNCETI', 'hhhhh', 'ggg', NULL, '', 1),
(471, 51, 'ADIK8V8', 'ffff', 'ffff', 'ff3@gg.cs', '', 1),
(472, 19, 'P8EARVL', 'ghh', 'hhh', NULL, '', 1),
(473, 51, 'IVAKUOE', 'ff', 'fff', NULL, '', 1),
(474, 19, 'W3BWUHV', 'Коля', 'Глеваха', 'fffffff@fffff.gggg', 'добрий день. ыыыііії їїїї', 1),
(475, 8, 'GPYGYKM', 'fff', 'gggg', 'ggh@fff.cc', '', 1),
(476, 51, 'VN3SBXO', 'ggggg', 'gggg', NULL, '', 1),
(477, 51, '3AXZRZG', 'дЕНИС', 'бІЛА ЦЕРКВА', 'FFF@FFF.GGG', 'Coca-Cola - радість навколо!', 1),
(478, 51, '8UOUWCP', 'fghfhf', 'hcfhfg', 'vvv@ff.ggg', '', 1),
(479, 51, '3RZHBX2', 'ggg', 'ggg', NULL, '', 1),
(480, 51, 'FVTPR3X', 'fffff', 'ffff', 'dd@fff.fff', '', 1),
(481, 51, 'IXKKDNL', 'fff', 'fgfg', 'dd@ff.dd', '', 1),
(482, 19, 'YY2PF3P', 'Ден', 'Біла', 'cbv@ddd.aaaaa', 'Дарую радість ця!', 1),
(483, 42, '3SNNE8K', 'Денис', 'Біла Церква', 'dos533@ukr.net', 'Coca-Cola дарує радість!', 1),
(484, 19, 'GYXLMOY', 'Денис', 'Київ', 'dos533@ukr.net', '', 1),
(485, 19, 'DFV9GUS', 'Женя', 'Київ', 'dos@ukr.com', 'Дякую', 1),
(486, 19, 'BEAKW8Z', 'asdasdas', 'addsas', 'ffffffff@ffff.gg', '', 1),
(487, 19, 'CC7PSWA', 'Денис', 'ББілаЦерква', 'dos_test@ukr.net', 'Дарую радість ця!', 1),
(488, 33, '7RDKFVP', 'hhhh', 'hhhh', NULL, '', 1),
(489, 1, '9UA2A8U', 'Женя', 'Киев', 'dos_test@ukr.net', '4 Дарую радість ця!', 1),
(490, 20, 'GIXBRUR', 'Макс', 'Житомир', NULL, '', 1),
(491, 20, 'YFKO3UH', 'Денис', 'Біла Церква', 'dos_test@ukr.net', '', 1),
(492, 1, '3KSEAWM', 'Nickeras', 'Dalaran', 'nickeras@gmail.com', 'qwer', 1),
(493, 1, 'U7U3ADL', '1234', '1234', NULL, '1234', 1),
(494, 20, '9NTRFWP', 'Денис', 'Белая Церковь', 'dos_test@ukr.net', '2 Дарую радість від щирого серця!', 1),
(495, 20, 'CSUZKNH', 'Денис', 'Біла Церква', NULL, '1 Coca-Cola - радість навколо!', 1),
(496, 20, '9K9I2HX', 'Денис', 'Белая Церковь', NULL, '2 Дарую радість від щирого серця!', 1),
(497, 20, 'KEXSX7R', 'Денис', 'Біла Церква іе8', NULL, '4 Дарую радість ця!', 1),
(498, 20, '9GESF9C', 'ffff', 'ffff', NULL, '', 1),
(499, 54, '8NRKILB', 'фівфрм', 'пурфІпіп', NULL, '', 1),
(500, 19, 'BH3LXHK', 'fsfs', 'fsfdsf', NULL, '', 1),
(501, 20, 'X9YPNOH', 'gdfgdfg', 'gdgdf', NULL, '6 Coca-Cola - радість навколо!', 1),
(502, 51, 'SE2NVSM', 'Юля', 'Ужгород', NULL, 'Дарую радість ця!', 1),
(503, 51, 'IWAUPH2', 'Катя', 'Львів', NULL, 'Coca-Cola - радість навколо!', 1),
(504, 51, 'BISYY89', 'Маланюк Галина Федорівна', 'Ужгород', NULL, '', 1),
(505, 41, 'EVZFHLY', 'Денис', 'Біла Церква', NULL, '', 1),
(506, 20, 'FOI3MBT', 'Денис', 'Біла Церква', NULL, '', 1),
(507, 1, '3FH7FS2', 'Max', 'London', 'email@email.rm', 'Coca-Cola - радість навколо!', 1),
(508, 20, 'XABY7HI', 'fhhg', 'fhgh', NULL, '', 1),
(509, 19, 'OL9XZBO', 'Valik', 'Kiev', NULL, 'Дарую радість ця!', 1),
(510, 41, 'NFMA7LV', 'Як тебе звати?', 'З якого ти міста?', NULL, 'Coca-Cola дарує радість!', 1),
(511, 57, 'IDH77GH', 'Valec', 'Kiyv', 'Ddd@mail.com', 'Force', 1),
(512, 20, '2ZXDOSN', 'Денис', 'Киев', 'fafaf@ffff.dd', '', 1),
(513, 57, 'KTWKZ2Z', 'Тарас', 'Киев', 'taras.chalayduk@gmail.com', 'Coca-Cola дарує радість!', 1),
(514, 41, 'FOASTML', 'DDD', 'dasdad', NULL, 'Текст привітання', 1),
(515, 54, 'L9Y7CCO', 'Іра', 'Київ', NULL, 'Метро влітку таке ж класне, як холодна Кола!', 1),
(516, 20, 'GDBYPVY', 'ggdgdf', 'gdgfd', NULL, '', 1),
(517, 20, 'EIRSCMK', 'dd', 'ddd', NULL, '', 1),
(518, 20, 'DLYP97T', 'ggg', 'ggg', NULL, '', 1),
(519, 20, 'EVF3UMD', 'dd', 'dd', NULL, '', 1),
(520, 20, 'N2SRNHE', 'j;lkjl;k', 'jioj', NULL, '', 1),
(521, 20, 'KO99DEU', 'Женя', 'Київ', NULL, '', 1),
(522, 20, 'FIIVECY', 'fff', 'ff', NULL, '', 1),
(523, 20, 'YRNKB9O', 'fff', 'ff', NULL, '', 1),
(524, 54, 'ROT7YDE', 'hhddgh', 'hnvv', NULL, '', 1),
(525, 20, 'MSTYAXE', 'vssdg', 'fsfdf', NULL, '', 1),
(526, 54, 'GTRIPI8', '123', '123', NULL, '', 1),
(527, 20, 'ZSNGKOS', 'sgs', 'sggs', NULL, '', 1),
(528, 20, '3XXY87V', 'fhh', 'hf', NULL, '', 1),
(529, 20, '3IGXYRP', 'hhgh', 'hgggh', NULL, '', 1),
(530, 1, 'UHYEXZV', 'gggg', 'gsgg', NULL, '', 1),
(531, 1, 'HASDTKF', 'asd', 'asd', NULL, '', 1),
(533, 1, 'S2G33CY', 'саша', 'оклахома', NULL, '', 1),
(534, 57, 'BEC99VS', 'vvv', 'vvv', NULL, '', 1),
(535, 57, 'T3U3ERZ', 'gvbgh', 'nnnn', NULL, '', 1),
(536, 57, 'AFTGAYE', 'Аня', 'Киев', NULL, '', 1),
(537, 68, 'CDKRXEM', 'fff', 'fff', NULL, '', 1),
(538, 54, 'A92YKCT', 'nnn', 'nnn', NULL, '', 1),
(539, 57, 'EGEY7W7', 'gggg', 'ggg', NULL, '', 1),
(540, 57, 'WF8YVCC', 'ddd', 'dd', NULL, '', 1),
(542, 69, 'ACO2YG3', 'ggg', 'ggg', NULL, '', 1),
(543, 57, '2ZKTLK3', 'Аня', 'Київ', 'dos_test@ukr.net', 'Coca-Cola - радість навколо!', 1),
(544, 57, 'Y88CBI3', '1234', '111', NULL, '', 1),
(545, 62, 'DCGTPPH', 'Женя', 'Київ', NULL, 'Дарую радість ця!', 1),
(546, 1, 'C7GRZKP', 'jjj', 'jjj', NULL, '', 1),
(547, 1, 'HHTUPHV', 'Саша', 'Оклахома', NULL, '', 1),
(548, 54, 'YKUDCIC', 'ggg', 'ggg', NULL, 'Ви – гордість країни! Дарую щастя з Coca-Cola!', 1),
(549, 69, 'FDPV3XL', 'ff', 'fff', NULL, '', 1),
(550, 54, 'UO77FK3', 'qwerqwer1234', 'qwerqwer1234', NULL, 'asdfasdf', 1),
(551, 54, '83HCPTL', '1234143', 'asfsadfasdfdsfsaf', NULL, '', 1),
(552, 54, 'XPMHUCS', 'den', 'bc', NULL, '', NULL),
(553, 54, 'OYPU2FZ', 'den', 'bc', NULL, '', NULL),
(554, 54, 'WKORPM8', 'den', 'bc', NULL, '', NULL),
(555, 54, 'YAZZPVG', 'den', 'bc', NULL, '', 1),
(556, 54, 'TU7FUM9', 'den', 'bc', NULL, '', 1),
(557, 54, 'S327E3C', 'den', 'bc', NULL, '', 1),
(558, 57, 'N7DAT3L', 'den', 'bc', NULL, '', NULL),
(559, 57, 'P8ALLEW', 'den', 'bc', NULL, '', 1),
(560, 57, 'O7GUR2X', 'den', 'bc', NULL, '', 1),
(561, 57, 'BXSZVNK', 'den', 'bc', NULL, '', 1),
(562, 57, 'V9LCPMV', 'Віка', 'Біла Церква', 'dos_test@ukr.net', '', 1),
(563, 70, '2OOGGRU', 'Соня', 'Біла Церква', 'dos_test@ukr.net', 'Вітаю', 1),
(564, 57, 'BMTCRDH', 'Денис', 'БЦ', NULL, '', 1),
(565, 57, 'EUCNMKE', 'Денис', 'БЦ3', NULL, '', 1),
(566, 57, 'XOYZMPD', 'Ltybc', 'BV', 'dos_test@ukr.net', 'Дякую за крутий проект! Продовжуйте у тому ж дусі!', NULL),
(567, 41, 'DVZSMXN', 'den', 'bc', 'dos_test@ukr.net', 'Ви – гордість країни! Дарую щастя з Coca-Cola!', NULL),
(568, 64, '3CVAPLH', 'den', 'bc', 'dos533@mail.ru', '', NULL),
(569, 57, 'MELVWI8', 'den', 'bc', 'dos533@rambler.ru', '', NULL),
(570, 64, 'EUCNME8', 'den', 'bc', 'dos533@rambler.ru', '', NULL),
(571, 41, 'GLVY9TN', 'den', 'bc', 'dos533@i.ua', 'Ви – гордість країни! Дарую щастя з Coca-Cola!', NULL),
(572, 57, 'RPNXRUL', 'den', 'bc', 'dos533@mail.ru', 'Дякую за крутий проект! Продовжуйте у тому ж дусі!', NULL),
(573, 54, '2ZH7VCF', 'den', 'bc', NULL, '', NULL),
(574, 57, 'KEXSWTS', 'cc', 'cc', NULL, '', NULL),
(575, 57, 'NLEULET', 'vv', 'vv', NULL, '', NULL),
(576, 57, 'ZRIAPHM', 'gg', 'gg', NULL, '', NULL),
(577, 54, '27NIZMF', 'ff', 'ff', NULL, '', NULL),
(578, 54, 'CDIKZ3Y', 'den', 'test', NULL, '', NULL),
(579, 54, 'OHKHLTL', 'fff', 'fff', 'dos_test@ukr.net', 'Текст привітання', NULL),
(580, 57, '98DPYUE', 'den', 'bc', 'dos_test@ukr.net', '', NULL),
(581, 41, '29EIV2B', 'den', 'test', NULL, '', NULL),
(582, 57, 'SE2CPZC', 'den', 'bc_test', NULL, '', NULL),
(583, 54, 'KT9G9A7', 'den', 'test', NULL, '', NULL),
(584, 54, 'HSBYZSV', 'gg', 'gg', NULL, '', NULL),
(585, 54, 'PWRD3KT', 'ff', 'ff', NULL, '', NULL),
(586, 54, 'K7HEO7H', 'dd', 'dd', NULL, '', NULL),
(587, 54, 'XI2HTX2', 'jj', 'jj', NULL, '', NULL),
(588, 54, '8GO2RL8', 'hnnn', 'nnnn', NULL, '', NULL),
(589, 71, 'RSMVVCV', 'den', 'vv', NULL, '', NULL),
(590, 67, 'RR7NCXV', 'den', 'bc', 'ff@ff.vv', 'Бажаю вам процвітання та світлого майбутнього!', NULL),
(591, 74, '2KVRZC7', 'vvvv', 'vvv', NULL, 'Бажаю вам процвітання та світлого майбутнього!', NULL),
(592, 69, 'GX9IWIC', 'Денис', 'Біла Церква тест', 'dos_test@ukr.net', 'Нехай ящик Coca-Cola принесе вам любов та радість!', NULL),
(593, 69, '77AUA89', 'Денис', 'Біла Церква тест', 'dos_test@ukr.net', 'Дякую за крутий проект! Продовжуйте у тому ж дусі!', NULL),
(594, 69, 'ZSRYDG2', 'Ltybc', 'BCV', NULL, 'Дякую за крутий проект! Продовжуйте у тому ж дусі!', NULL),
(595, 72, 'MWNKC2C', 'fff', 'fff', NULL, 'ffff', NULL),
(596, 60, 'U3SVEHY', 'hh', 'hh', 'hh#ggG@gg.hh', '', NULL),
(597, 69, '7AC37KD', 'Den', 'cb', NULL, 'Бажаю вам процвітання та світлого майбутнього!', NULL),
(598, 62, 'DZ27YGN', 'Женя', 'Київ', 'dos_test@ukr.net', 'тест', NULL),
(599, 64, 'OFA7EGH', 'gg', 'gg', 'ffff@ff.gg', 'Текст привітання', NULL),
(601, 62, 'CODE2', 'eu', 'ki', NULL, '', NULL),
(602, 74, 'CODE3', 'qwer', 'qwer', NULL, '', NULL),
(603, 74, 'CODE4', 'qwer', 'qwer', NULL, '', NULL),
(604, 64, 'CODE6', '1234', '1234', 'nickeras@gmail.com', '', NULL),
(605, 58, 'CODE7', 'qwe', 'qwe', NULL, '', NULL),
(606, 59, 'CODE8', 'wqert', 'qwert', '', '', NULL),
(607, 62, 'CODE9', 'nick', 'nick', 'nick@nick.com', '', NULL),
(608, 62, '82CNPT8', 'тест мобайл', 'тест город', '', 'Час для добра, і я ділюся радістю з вами!', NULL),
(609, 69, 'OPH7DNM', 'Тест айфоны', 'Тест айфон', NULL, 'Ви – гордість країни! Дарую щастя з Coca-Cola!', NULL),
(610, 58, 'ZDGR7VI', 'fff', 'ff', NULL, 'fff', NULL),
(611, 62, 'VDKTDFX', 'денис тест', 'моб', 'ggg', 'Ви – гордість країни! Дарую щастя з Coca-Cola!', NULL),
(612, 64, 'DA8TO8Z', 'ggg', 'gggg', NULL, '', NULL),
(613, 69, '3EYLET8', 'денис', 'бц', 'fohhg@ffg.vvh', 'Бажаю вам процвітання та світлого майбутнього!', NULL),
(614, 69, 'E22MEFD', 'денис', 'тест мобайл', NULL, 'Тест мобайл', NULL),
(615, 66, 'RL7ICOL', 'gg', 'hhh', NULL, '', NULL),
(616, 58, 'SZ987EO', 'Тест', 'Тест', NULL, 'Тест', NULL),
(617, 67, 'UA3P278', 'ffff', 'fff', NULL, 'Текст привітання', NULL),
(618, 65, 'ABP9C8U', 'fff', 'ff', '', '', NULL),
(619, 56, 'BG2IONL', 'ddd', 'ddd', 'ffff@ff.hh', 'Час для добра, і я ділюся радістю з вами!', NULL),
(620, 71, 'NTNWUVR', 'ntcn', 'ntcn', NULL, 'Бажаю вам процвітання та світлого майбутнього!', NULL),
(621, 55, '8SUCOGF', 'kola test', 'city rer', 'fgd', 'Ви – гордість країни! Дарую щастя з Coca-Cola!', NULL),
(622, 67, 'KRVSCZU', 'Gf', 'Gg', NULL, '', NULL),
(623, 58, 'UIXII2R', 'Gf gf', 'Hh', 'Gggggg', '', NULL);

-- --------------------------------------------------------

--
-- Структура таблицы `places`
--

CREATE TABLE IF NOT EXISTS `places` (
  `place_id` int(10) unsigned NOT NULL AUTO_INCREMENT,
  `name` varchar(120) COLLATE utf8_unicode_ci NOT NULL,
  `city` varchar(120) COLLATE utf8_unicode_ci NOT NULL,
  `description` text COLLATE utf8_unicode_ci,
  PRIMARY KEY (`place_id`),
  UNIQUE KEY `places_id_UNIQUE` (`place_id`)
) ENGINE=InnoDB  DEFAULT CHARSET=utf8 COLLATE=utf8_unicode_ci AUTO_INCREMENT=60 ;

--
-- Дамп данных таблицы `places`
--

INSERT INTO `places` (`place_id`, `name`, `city`, `description`) VALUES
(1, 'Трендова благодійність', 'Київ', 'Тут починають своє друге життя речі, від яких втомилися їхні господарі. Те, що раніше було шкода віднести у смітник, тепер можна віднести до благодійного магазину «Ласка». Наприклад, світшот, що не підійшов розміром, сукню зі шкільного випускного – все, що забажаєш. Інший гість магазину, закохається з першого погляду у непотрібну тобі річ, придбає її і стане щасливішим. А виручені від продажу речей гроші ідуть різним благодійним фондам і роблять щасливішими діток або нужденних у різних регіонах України.\n\nЗадумайся, скільки речей з твого гардеробу ти одягаєш постійно. Впевнені, що у тебе (як і у більшості жителів розвинених країн) від 25 до 40% гардеробу – речі, що були вдягнені одноразово, або ще чекають на свій вихід. Це породило велику культуру благодійних магазинів, яка нарешті долетіла і до нас. У затишному дворику в самому центрі столиці завдяки Лєні Клімєнчевій і Анні Уваровій з’явилося особисте місце для модників і благодійників. «Ласка» – це ще й креативний простір. Тут проводяться майстер-класи з кераміки, йоги та інших цікавих занять, а також кінопокази.'),
(8, 'АртШЕВА', 'Київ', 'Свої ескізи на серветках в кав’ярні не варто більше залишати на столі. Бо тобі є де і з ким це домалювати. Завдяки студенткам Віці та Насті, які створили платформу АртШЕВА.\n \nВідвідуючи курси АртШЕВА, можна вивчити живопис, графіку, скульптуру, історію мистецтва та багато інших творчих цікавинок. Викладачами АртШЕВИ є студенти художніх навчальних закладів або творчих спеціальностей майже з кожного університету Києва. Для них це чудова можливість приміряти на себе роль викладача, адже вони самостійно готують плани курсів і лекцій, підшукують цікаві завдання для підопічних і відпрацьовують лекторські навички. А для тебе – можливість вибрати викладача і ходити в зручний саме тобі час на заняття. І отримувати радість від самого процесу творення!\n\nВіка і Настя з власного досвіду знають, як складно знайти художню школу. Існуючі або задорогі, або потребують базової художньої підготовки, або відніматимуть забагато часу. А курсів, куди можна прийти і творити просто «для душі», фактично не існує. Тому дівчата створили АртШЕВА в рамках конкурсу «Студентська ініціатива». До речі, ШЕВА в назві – це «Школа Естетичного Виховання Аз» \n\nСеред планів організаторів АртШЕВИ виставки студентських робіт і створення арт-простору з повноцінною художньою майстернею,  де мистецтво стане доступним кожному.    '),
(10, 'Архітектура для харківських птахів', 'Харків', 'Активісти Харкова вирішили житлово-комунальні проблеми... птахів. Так, щоб це подобалося і людям також. Харківська спільнота архітекторів «Архітектурні пригоди» придумала 5 варіантів дизайнерських шпаківень для місцевих пернатих. \n«Шпаківня – такий собі міні-будинок, тому ми мали всі можливості для розробки та реалізації наших ідей», ‒ розказує Василина Щоголєва, організатор спільноти «Архітектурні пригоди». Ініціатива не залишилась непоміченою: нові шпаківні були представлені у центрі сучасного мистецтва YermilovCentre в рамках майстер-класу «Соціальне житло для птахів урбаністів». Окрім презентації пташиних будиночків, на гостей арт-простору чекали лекції про особливості пташиних домівок від професійних орнітологів. Після цього шпаківні були урочисто розвішені центром міста і знайшли своїх господарів. Для двоногих жителів Харкова такі будиночки для птахів – це майже арт-об’єкти, які можна показувати гостям під час прогулянок.\nУчасники «Архітектурних пригод» планують і надалі вдосконалювати власне місто та працювати над створенням місць для неформального відпочинку людей і птахів. '),
(21, 'Вуличне фортепіано Харкова', 'Харків', 'До списку музичних куточків світу приєднався і Харків – група волонтерів подарувала місту власне вуличне фортепіано, на якому можуть зіграти всі бажаючі.  \nАнастасія Іващенко, одна з ініціаторів проекту, розповідає, що встановлення фортепіано на вулиці було частиною програми великого фестивалю під назвою «День вуличної музики», проте по завершенню заходу інструмент вирішили залишити на вулиці для вільного користування. \nЗараз фортепіано «живе» у подвір’ї харківського Літературного музею, де дарує не тільки радісні музичні хвилини усім охочим, але й бере участь у різноманітних зйомках та захода. \nОкрім постійних артистів, фортепіано має і власну фанатку – коли хтось торкається клавіш, з дерева, що росте у дворі Літературного музею, спускається послухати музику білочка :)\n\nУ планах Анастасії «вигулювати» піаніно до центру міста у теплий літньо-осінній сезон і розмалювати інструмент, щоб він став по-справжньому унікальним.'),
(22, 'Творче об’єднання кінематографістів МІКНУ', 'Київ', 'Дивилися круте арт-хауcне українське кіно? Тоді терміново потрібно переглянути стрічки від творчого об’єднання кінематографістів, що має назву МІКНУ. Дмитро Бондарчук та його друзі власними силами знімають фільми. Тематика дуже різна – є соціальні й екологічні ролики та навіть філософські відео-арти. Їхні історії анімаційні, експериментальні, а іноді просто дивні, але разом з тим цікаві та захопливі. До речі, таких фільмів вже майже півсотні, а подивитися їх можна на каналі МІКНУ на YouTube.\nТворчу команду вже знають у багатьох країнах завдяки участі робіт у міжнародних фестивалях. У деяких конкурсах Дмитра нагороджувало журі, у інших вони отримували приз глядацьких симпатій. \nТворче об’єднання МІКНУ не зупиняється на досягнутому і продовжує знімати фільми – попереду осінній фестивальний сезон, до якого треба підготувати смачних кадрів. А ще друзі з МІКНУ мріють зняти повнометражний фільм, дія якого відбуватиметься у світі полотен Рене Магрітта. І в них це обов’язково вийде :)'),
(25, 'Read.Hide.Seek.Find', 'Рівне', 'Буккроссінг – штука, яка вже добре знайома. Та що якщо тобі важко віддати за просто так цінну книжку? А студентка Вікторія Гайбонюк вигадала справжню пригоду, яка чекає на читача ще до того, як він відкриє книгу. Звичайно, пригоду зі щасливим кінцем \nВікторія пропонує обмінюватися книжками у вигляді квесту. Це виглядає так: поточний власник книги ховає її десь у місті і вигадує загадку, відповідь на яку вкаже на схованку. Ця загадка публікується на сторінці «BookQuest», і починається полювання на літературні скарби :) \nТой хто знаходить  заховану книгу повідомляє про це і пізніше може сховати свою. Проект Вікторії покликаний популяризувати друковану книгу, і нагадує, що для справжніх пригод іноді достатньо просто вийти з дому. Зараз книжкові квести відбуваються в різних містах України. І Вікторія мріє про те, що проект в майбутньому може стати міжнародним. '),
(45, 'Чистий Сковорода', 'Київ', 'Якщо ти можеш уявити себе на драбині з відром і ганчіркою всередині осені на одній з центральних площ Києва… Тоді приєднуйся до студентів Києво-Могилянської Академії, коли вони миють пам’ятник Григорію Сковороди.\nЩороку студенти підтримують одну з наймокріших традицій Могилянки – миття Григорія Савича Сковороди (а точніше - пам''ятника мислителю). Під час святкування Дня Академії студенти в такий спосіб вшановують найспудейськішого могилянця.\nІ хоча з роками до дійства залучені щоразу нові студенти, кількість яких важко визначити, саме завдяки таким активним людям, традиція продовжує своє існування вже понад 16 років! Більше того, миття Сковороди стало студентською прикметою – могилянське повір''я говорить: «Помив Сковороду восени – здав сесію взимку». Тому для вірності пам’ятник миють двічі на рік: 15 жовтня, у День академії, і 28 червня – на конвокацію. Мета першої акції – помити на зиму, другої – одягти на літо.\nКоли хороша справа стає традицією і передається з покоління в покоління, світ стає трошечки кращим. А якщо ця традиція ще й радісна – вона точно не зникне :)'),
(46, 'Радісні звірятка', 'Київ', 'Чарівна киянка Анастасія Винокурова дарує перехожим посмішки і радість. Вона малює оригінальні смішні оголошення і розміщує їх на різних вулицях міста. «Я клею оголошення вранці, і вже вдень бачу, що половина звірят знайшли собі друзів» – каже художниця. І це не дивно – фото оголошень розлетілися просторами Інтернету дуже швидко, і зараз користувачі з Польщі, Естонії і Росії роздруковують їх та клеять у своїх містах.\nІсторія прикольних оголошень почалася з курсу ілюстрації, який зараз вивчає Настя. «Я поставила собі завдання малювати одну прикольну об’яву щодня – така собі ритмічна вправа», - розповідає художниця.'),
(47, 'Дворовий креатив по-одеські', 'Одеса', 'Графіті – це не єдиний спосіб зробити місто гарним :) \nОдесит Анатолій Кірієнко прикрашає дитячі майданчики веселими фігурами тварин та птахів, виготовленими із старих автомобільних шин. А взимку він створює снігові скульптури у дворах свого району.\nДля Анатолія творче оформлення дитячих майданчиків – не просто хобі. Разом зі своєю дружиною Юлією він вже років 10 фарбує і розмальовує будиночки, створює фігури з різних матеріалів: піску, снігу, дерева, гуми і металу. До цієї справи долучаються двоє дітей подружжя і уся сусідська малеча. \nАнатолій і Юлія вірять, що дітей змалечку варто розвивати як творчих особистостей, щоб у майбутньому вони створювали красу навколо себе. Витончені снігові скульптури замість дорогої ілюмінації та веселі лавочки у формі казкових персонажів – ось такою радісною та доброю пара мріє зробити всю Одесу!'),
(48, 'Бібліо-аптека для душі', 'Кіровоград', 'Бібліотека може бути не лише приміщенням із сотнями запилених книг, але й джерелом нових щасливих вражень та культурним осередком. Таку ідею втілює у життя Наталія Анісімова, завідувач бібліотеки №10, мікрорайону Завадівка міста Кіровоград. \nГолова бібліотеки постійно вигадує, чим порадувати мешканців: влаштовує колективне випікання млинців та святкування Масляної, організовує виставки «Коли ми були молодими» для місцевих бабусь, придумує всеможливі конкурси: на кращого онука і кращу бабусю, на особливо смачну страву або кращий рецепт, знання українських прислів’їв тощо.\nНайбільш пам’ятним проектом бібліотеки стала велопрогулянка «Життя в стилі вело» – понад 80 учасників на своїх залізних конях проїхалися стежинами рідної місцевості. Ну, як після такого можна говорити, що бібліотека – це нудно? :)'),
(49, 'Малюнок, що дарує радість', 'Хмельницький', 'Перетворити звичайну «хрущовку» на витвір мистецтва – проста задача для Миколи Ізотова та команді райтерів М97 із Одеси. Тепер один зі спальних районів Хмельницького може похвалитися власним житловим арт-об’єктом. \nВуличні художники мріють зробити будні мешканців мікрорайону легшими та яскравішими, прагнуть заохотити їх більше посміхатися та радіти життю, саме тому хлопці обрали для дев’ятиповерхового будинку зображення маленької дівчинки, яка літає з повітряними кульками в руках.'),
(50, 'Вуличний фітнес', 'Дніпропетровськ', 'Вуличний фітнес стає все більш популярним не тільки серед бадьорих дідусів, але й серед симпатичних дівчат та парубків. І все це завдяки Денису Мініну :)\nДенис – лідер міжнародного руху за здоровий спосіб життя (ЗСЖ), засновник організації Street Workout Ukraine, яка наразі об’єднує сотні тисяч прихильників ЗСЖ не тільки в Україні, але й закордоном. Завдяки зусиллям Дениса та його друзів, з’являються нові спортивні майданчики, проводяться фестивалі ЗСЖ, семінари і майстер-класи з розвитку не тільки тіла, але й розуму, організовуються змагання та чемпіонати для пропагування ЗСЖ.\nТато хотів, щоб син став фермером, але син вирішив інакше.  Жага займатися спортом та вести ЗСЖ переважила. У дитинстві хлопець ходив в школу олімпійського резерву, а свій перший турнік облаштував у дворі самостійно, зібравши його з металобрухту.\nДенис каже, що для нього дуже важливо працювати з молоддю – якщо вона змінить свою ментальність, буде збагачуватися духовно та матиме активну життєву позицію, Україна стане здоровішою!'),
(51, '«Геть сміття з голови і з міста»', 'Дніпропетровськ', '«Хочеш змінити світ? – Почни з власного дому», – кажуть мудреці. Саме цією порадою керується ініціативна прибиральна група жителів Дніпропетровська. Їхня робота розпочалася з прибирання центру відпочинку в Дніпропетровську – парку ім. Т.Г. Шевченка. Для цього була створена група в соціальній мережі, і вже за кілька днів близько 40 небайдужих людей зібралися разом, щоб прибрати парк. В результаті вийшло більше 15 120-літрових мішків сміття. Але після цього група не припинила своє існування – активісти обрали наступну локацію, а після її прибирання – ще одну і так далі. Група росла і досягала вражаючих результатів – за короткий час вони зібрали близько 450 мішків сміття. \nА сьогодні активісти ставлять перед собою більш глобальну мету – змінити ментальність людей та не допускати саме виникнення смітників. Це ж і лягло в основу назви ініціативи.\nКожна наступна локація для прибирання обговорюється в групі проекту. У планах – в першу чергу прибрати найбільш відвідувані місця, а опісля займатися відновлюванням міста, а саме дитячих майданчиків, парків відпочинку.'),
(52, 'Найяскравіший поверх Одеси', 'Одеса', 'Уяви дерев’яний паркан, який розписують діти словами «любов», «радість», «сім''я», «мир». А за парканом видніється сад і дах будинку. Це сюжет стріт-арту одеського художника-графіста Святослава Лаврусенко. А полотно – цілий цілий поверх житлової дев’ятиповерхівки. \nЯскравий витвір мистецтва з’явився на сірих стінах у якості подарунка Святослава для доньок мешканця будинку Олександра Новаковського – Ані та Наді, і а також маленької сусідки Даші. Але подарунком насолоджується усе місто :)'),
(54, 'Як творити добро «на бігу»', 'Івано-Франківськ', 'О 7 ранку ти бігаєш, але тільки уві сні? Натягай кросівки і перетворюй сни на реальність! А якщо ти живеш у Івано-Франківську – не бігати вранці просто соромно, адже тут живе Сергій Караванець, який започаткував школу бігу для боротьби з усіма твоїми «але». Тебе чекають навчальні пробіжки для новачків, мотиваційні зустрічі та освітні лекції із тренерами з легкої атлетики. Окрім цього, Сергій організував перший в Івано-Франківську благодійний півмарафон.\nГроші, які будуть виручені з Франківського півмарафону Сергій із командою спрямовує на допомогу безпритульним собакам, оскільки «в них життя собаче», – пояснює хлопець.\nВласне захоплення бігом хлопець перевтілив у добру справу, яка на добровільних засадах об’єднала професіоналів з різних галузей для спільної мети: розвитку свідомості, душі та гартування тіла!'),
(55, 'Веломандрівка всією Україною', 'Харків', '2500 км – не ліміт! Велотріп чотирьох друзів – Віталіни, Юрка, Андрія та Сергія розпочався у червні, і досі триває. Веломандрівка – це чудовий спосіб відкрити особливу Україну: швидкість дозволяє ретельно роздивитися деталі ландшафту, незалежність від заправок дарує можливість їхати куда душа забажає, а друзі поруч не дадуть засумувати :) Рухаючись зі сходу на захід, мандрівники ніби об’єднують різні регіони України своїм маршрутом. \nПозаду лишились великі міста та безліч маленьких сіл Слобожанщини та Полісся, Волині, Галичини та Закарпаття. Підкоривши Говерлу, друзі прямують на Буковину. І щиро радіють несподіваним зустрічам та цікавим розмовам з місцевими жителями. Фото-матеріали та дорожні нотатки обов’язково перетворяться на найдетальніший путівник Україною… але вже після повернення додому. А окремі уривки друзі шерять у соціальних мережах.\nПо закінченню подорожі друзі планують активно долучитися до розвитку української  велоспільноти, і надалі розвивати проект ВелоМандри і велотуризм в цілому.'),
(56, 'Телебачення своїми руками', 'Чернігів', 'Кожен з нас мріяв потрапити у телевізор, коли був маленьким, а Руслан Старченко реалізував свою мрію і створив власне інтернет-телебачення в рідному Чернігові. Руслан є засновником молодіжного каналу Garmata.tv і створює понад 20 сюжетів на тиждень, що дарують радість тисячам людей. У виробничому процесі задіяні всього дві людини і нуль гривень зовнішнього фінансування!\nУ новинах – усе найцікавіше з життя Черінгова. Сьогодні Руслан створює на додачу до інтернет-телебачення інформаційного порталу.'),
(57, 'Посмішка Джоконди на стіні', 'Суми', 'Якщо твоє захоплення – це стріт-арт, то в Сумах ти можеш уявити, наскільки масштабним він може бути. Молоді місцеві художники Єгор Авдієнко та Роман Линник своїми малюнками роблять щасливішими похмурі стіни сумських будівель. На міському універмазі «Київ» вони намалювали портрет Джоконди. Будинок на Покровській площі тепер прикрашений портретом засновника міста – Герасима Кондратьєва. А ще у липні цього року брали участь у стріт-арт фестивалі в Сумах.'),
(58, 'Життя на повну!', 'Миколаїв', 'Волонтери з літнього табору «MASCOT» провели оригінальну акцію у центрі Миколаєва, який прикрасили фотографіями та нагадуваннями про те, що Достоєвський краще, ніж Angry Birds, що тільки три жителі Африки користуються інтернетом, і що справжня посмішка набагато гарніша «смайла». Молоді люди організували цей проект для того, щоб відволікти людей від життя online та привернути їх увагу до реального життя, яке є набагато яскравішим, ніж фарби монітору. Метою активістів було показати оточуючим, що існує багато цікавих речей в реальному житті, які дозволяють нам приділяти більше уваги рідним та друзям і саме вони зближують людей, а не соціальні мережі.\n'),
(59, 'Нове місце', 'Місто', 'Місце, місцк');

-- --------------------------------------------------------

--
-- Структура таблицы `redeem_log`
--

CREATE TABLE IF NOT EXISTS `redeem_log` (
  `redeem_id` int(10) unsigned NOT NULL AUTO_INCREMENT,
  `ip` int(12) unsigned DEFAULT NULL,
  `code` varchar(20) COLLATE utf8_unicode_ci DEFAULT NULL,
  `time` timestamp NULL DEFAULT NULL,
  `result` int(11) DEFAULT NULL,
  `gift_id` int(11) DEFAULT NULL,
  PRIMARY KEY (`redeem_id`)
) ENGINE=InnoDB  DEFAULT CHARSET=utf8 COLLATE=utf8_unicode_ci AUTO_INCREMENT=1693 ;

--
-- Дамп данных таблицы `redeem_log`
--

INSERT INTO `redeem_log` (`redeem_id`, `ip`, `code`, `time`, `result`, `gift_id`) VALUES
(1, 3232235848, 'UYGCD37', '2014-07-30 09:20:32', 2, NULL),
(2, 3232235886, 'pobcaon', '2014-07-30 09:37:24', 5, NULL),
(3, 3232235886, 'PoBCA0N', '2014-07-30 09:37:49', 4, NULL),
(4, 3232235886, 'PoBCA0N', '2014-07-30 09:37:59', 2, NULL),
(5, 3232235886, 'POBCAON', '2014-07-30 09:39:09', 2, NULL),
(6, 3232235886, 'POBCAON', '2014-07-30 09:43:32', 2, NULL),
(7, 3232235886, 'POBCAON', '2014-07-30 09:44:06', 1, NULL),
(8, 3232235886, '', '2014-07-30 09:44:14', 1, NULL),
(9, 3232235886, '', '2014-07-30 09:44:16', 1, NULL),
(10, 3232235886, '', '2014-07-30 09:44:17', 1, NULL),
(11, 3232235886, '', '2014-07-30 09:44:17', 1, NULL),
(12, 3232235886, '', '2014-07-30 09:44:18', 1, NULL),
(13, 3232235886, '', '2014-07-30 09:44:25', 1, NULL),
(14, 3232235886, '', '2014-07-30 09:44:26', 1, NULL),
(15, 3232235886, '', '2014-07-30 09:45:58', 1, NULL),
(16, 3232235886, '', '2014-07-30 09:46:31', 1, NULL),
(17, 3232235886, 'POBCAON', '2014-07-30 09:48:25', 4, NULL),
(18, 3232235886, 'POBCAON', '2014-07-30 09:48:35', 2, NULL),
(19, 3232235886, 'POBCAON', '2014-07-30 09:48:50', 1, NULL),
(20, 3232235886, '', '2014-07-30 09:48:51', 1, NULL),
(21, 3232235886, '', '2014-07-30 09:48:52', 1, NULL),
(22, 3232235886, '', '2014-07-30 09:48:53', 1, NULL),
(23, 3232235886, '', '2014-07-30 09:48:54', 1, NULL),
(24, 3232235886, '', '2014-07-30 09:49:03', 1, NULL),
(25, 3232235886, 'POBCAON', '2014-07-30 09:49:26', 2, NULL),
(26, 3232235886, 'POBCAON', '2014-07-30 09:49:39', 1, NULL),
(27, 3232235886, 'POBCAON', '2014-07-30 09:50:09', 2, NULL),
(28, 3232235886, 'POBCAON', '2014-07-30 09:51:19', 1, NULL),
(29, 3232235886, 'POBCAON', '2014-07-30 10:04:14', 2, NULL),
(30, 3232235886, 'POBCAON', '2014-07-30 10:05:15', 1, NULL),
(31, 3232235886, '', '2014-07-30 10:05:19', 1, NULL),
(32, 3232235886, '', '2014-07-30 10:05:21', 1, NULL),
(33, 3232235886, '', '2014-07-30 10:05:47', 1, NULL),
(34, 3232235848, 'ZONA3DW', '2014-07-30 12:24:08', 2, NULL),
(35, 3232235848, 'ZONA3DW', '2014-07-30 12:32:19', 2, NULL),
(36, 3232235848, 'ZONA3DW', '2014-07-30 12:42:43', 0, 465),
(37, 3232235850, 'ffff', '2014-07-30 13:02:55', 5, NULL),
(38, 3232235850, 'UYGCD37', '2014-07-30 13:04:23', 2, NULL),
(39, 3232235850, 'UYGCD37', '2014-07-30 13:06:22', 0, 466),
(40, 3232235848, 'аыааыа', '2014-07-30 13:19:28', 5, NULL),
(41, 3232235848, 'fsffsdf', '2014-07-30 13:20:26', 5, NULL),
(42, 3232235848, '6D89P37', '2014-07-30 13:21:52', 2, NULL),
(43, 3232235848, '6D89P37', '2014-07-30 13:24:08', 0, 467),
(44, 3232235848, '', '2014-07-30 13:24:31', 1, NULL),
(45, 3232235848, '9VGDHUZ', '2014-07-30 14:55:00', 5, NULL),
(46, 3232235848, 'SMGX9TT', '2014-07-30 14:55:19', 2, NULL),
(47, 3232235848, 'SMGX9TT', '2014-07-30 14:56:00', 0, 468),
(48, 3232235848, 'SMGX9TT', '2014-07-30 15:11:39', 3, NULL),
(49, 3232235848, '9UT2W87', '2014-07-30 15:11:51', 2, NULL),
(50, 3232235848, '9UT2W87', '2014-07-30 15:12:11', 0, 469),
(51, 3232235848, 'ffffff', '2014-07-30 15:28:00', 4, NULL),
(52, 3232235848, 'ffffff', '2014-07-30 15:28:10', 5, NULL),
(53, 3232235848, 'PWNCETI', '2014-07-30 15:28:31', 2, NULL),
(54, 3232235848, 'PWNCETI', '2014-07-30 15:30:36', 0, 470),
(55, 3232235848, 'jghj', '2014-07-30 15:39:35', 4, NULL),
(56, 3232235848, 'jghj', '2014-07-30 15:39:41', 5, NULL),
(57, 3232235886, 'ADIK8V8', '2014-07-30 15:59:30', 2, NULL),
(58, 3232235886, 'ADIK8V8', '2014-07-30 16:00:09', 0, 471),
(59, 3232235848, 'P8EARVL', '2014-07-31 07:20:56', 2, NULL),
(60, 3232235848, 'P8EARVL', '2014-07-31 07:22:25', 4, NULL),
(61, 3232235848, 'P8EARVL', '2014-07-31 07:22:30', 2, NULL),
(62, 3232235848, 'p8earvl', '2014-07-31 07:26:35', 5, NULL),
(63, 3232235848, 'P8EARVL', '2014-07-31 07:26:51', 2, NULL),
(64, 3232235848, 'p8earvl', '2014-07-31 07:27:17', 4, NULL),
(65, 3232235848, 'p8earvl', '2014-07-31 07:27:28', 5, NULL),
(66, 3232235848, 'P8EARVL', '2014-07-31 07:27:41', 2, NULL),
(67, 3232235848, 'P8EARVL', '2014-07-31 07:33:32', 2, NULL),
(68, 3232235848, 'P8EARVL', '2014-07-31 07:33:45', 0, 472),
(69, 3232235848, '', '2014-07-31 07:33:47', 1, NULL),
(70, 3232235848, '', '2014-07-31 07:33:48', 1, NULL),
(71, 3232235848, '', '2014-07-31 07:33:50', 1, NULL),
(72, 3232235848, '', '2014-07-31 07:33:53', 1, NULL),
(73, 3232235848, 'UYGCD37', '2014-07-31 08:11:49', 3, NULL),
(74, 3232235848, 'PWNCETI', '2014-07-31 08:12:40', 3, NULL),
(75, 3232235848, 'ADIK8V8', '2014-07-31 08:13:02', 3, NULL),
(76, 3232235848, 'CC7PSWA', '2014-07-31 08:13:21', 2, NULL),
(77, 3232235848, 'CC7PSWA', '2014-07-31 08:13:35', 2, NULL),
(78, 3232235848, 'CC7PSWA', '2014-07-31 08:13:57', 2, NULL),
(79, 3232235848, 'CC7P5WA', '2014-07-31 08:14:08', 2, NULL),
(80, 3232235848, '1VAKU0E', '2014-07-31 08:15:32', 4, NULL),
(81, 3232235848, '1VAKU0E', '2014-07-31 08:15:39', 2, NULL),
(82, 3232235848, 'IVAKUOE', '2014-07-31 08:16:57', 2, NULL),
(83, 3232235848, 'IVAKUOE', '2014-07-31 08:18:23', 0, 473),
(84, 3232235848, 'W3BWUHV', '2014-07-31 08:49:57', 2, NULL),
(85, 3232235848, 'W3BWUHV', '2014-07-31 08:52:27', 0, 474),
(86, 3232235848, 'W3BWUHV', '2014-07-31 11:05:16', 3, NULL),
(87, 3232235848, 'GPYGYKM', '2014-07-31 11:05:30', 2, NULL),
(88, 3232235848, 'GPYGYKM', '2014-07-31 11:08:03', 0, 475),
(89, 3232235848, 'GPYGYKM', '2014-07-31 11:35:28', 3, NULL),
(90, 3232235848, 'VN3SBXO', '2014-07-31 11:35:44', 4, NULL),
(91, 3232235848, 'VN3SBXO', '2014-07-31 11:35:58', 2, NULL),
(92, 3232235848, 'VN3SBXO', '2014-07-31 12:38:44', 2, NULL),
(93, 3232235848, 'VN3SBXO', '2014-07-31 13:01:08', 2, NULL),
(94, 3232235848, 'VN3SBXO', '2014-07-31 13:03:18', 2, NULL),
(95, 3232235848, 'VN3SBXO', '2014-07-31 13:04:05', 2, NULL),
(96, 3232235848, 'VN3SBXO', '2014-07-31 13:04:41', 0, 476),
(97, 3232235848, '3AXZRZG', '2014-07-31 13:15:00', 2, NULL),
(98, 3232235848, '3AXZRZG', '2014-07-31 13:16:31', 2, NULL),
(99, 3232235848, '3AXZRZG', '2014-07-31 13:18:35', 0, 477),
(100, 3232235848, '8UOUWCP', '2014-07-31 13:20:30', 4, NULL),
(101, 3232235848, '8UOUWCP', '2014-07-31 13:20:39', 2, NULL),
(102, 3232235848, '8UOUWCP', '2014-07-31 13:21:05', 0, 478),
(103, 3232235848, 'ZONA3DW', '2014-07-31 13:25:56', 3, NULL),
(104, 3232235848, '3RZHBX2', '2014-07-31 13:26:20', 2, NULL),
(105, 3232235848, '3RZHBX2', '2014-07-31 13:26:54', 0, 479),
(106, 3232235848, 'FVTPR3X', '2014-07-31 13:29:14', 2, NULL),
(107, 3232235848, 'FVTPR3X', '2014-07-31 13:30:31', 2, NULL),
(108, 3232235848, 'FVTPR3X', '2014-07-31 13:30:50', 0, 480),
(109, 3232235848, 'IXKKDNL', '2014-07-31 13:31:56', 2, NULL),
(110, 3232235848, 'IXKKDNL', '2014-07-31 13:32:23', 0, 481),
(111, 3232235848, 'YY2PF3P', '2014-07-31 13:35:58', 4, NULL),
(112, 3232235848, 'YY2PF3P', '2014-07-31 13:36:05', 2, NULL),
(113, 3232235848, 'YY2PF3P', '2014-07-31 13:37:01', 0, 482),
(114, 3232235862, '', '2014-07-31 13:44:48', 1, NULL),
(115, 3232235862, '', '2014-07-31 13:44:52', 1, NULL),
(116, 3232235862, '', '2014-07-31 13:44:52', 1, NULL),
(117, 3232235862, '', '2014-07-31 13:44:52', 1, NULL),
(118, 3232235862, '', '2014-07-31 13:44:52', 1, NULL),
(119, 3232235862, '', '2014-07-31 13:44:52', 1, NULL),
(120, 3232235862, '', '2014-07-31 13:44:52', 1, NULL),
(121, 3232235862, '', '2014-07-31 13:44:52', 1, NULL),
(122, 3232235862, '', '2014-07-31 13:44:53', 1, NULL),
(123, 3232235862, '', '2014-07-31 13:44:53', 1, NULL),
(124, 3232235862, '', '2014-07-31 13:46:07', 1, NULL),
(125, 3232235848, '3SNNE8K', '2014-07-31 14:47:14', 2, NULL),
(126, 3232235848, '3SNNE8K', '2014-07-31 14:48:48', 2, NULL),
(127, 3232235848, '3SNNE8K', '2014-07-31 15:09:46', 2, NULL),
(128, 3232235848, '3SNNE8K', '2014-07-31 15:11:39', 2, NULL),
(129, 3232235848, '3SNNE8K', '2014-07-31 15:14:43', 0, 483),
(130, 3232235848, 'GYXL  MOY', '2014-07-31 15:18:00', 5, NULL),
(131, 3232235848, 'GYXLMOY', '2014-07-31 15:18:09', 2, NULL),
(132, 3232235848, 'GYXLMOY', '2014-07-31 15:19:14', 0, 484),
(133, 3232235848, 'DFV9GUS', '2014-07-31 15:21:11', 2, NULL),
(134, 3232235848, 'DFV9GUS', '2014-07-31 15:22:55', 0, 485),
(135, 3232235848, 'VMOFLFX', '2014-07-31 15:38:23', 2, NULL),
(136, 3232235848, 'IVAKUOE', '2014-08-01 08:02:00', 3, NULL),
(137, 3232235848, 'BEAKW8Z', '2014-08-01 08:02:15', 2, NULL),
(138, 3232235848, 'BEAKW8Z', '2014-08-01 08:03:59', 0, 486),
(139, 3232235848, 'CC7PSWA', '2014-08-01 08:14:47', 2, NULL),
(140, 3232235848, 'CC7PSWA', '2014-08-01 08:16:01', 0, 487),
(141, 3232235848, 'CC7PSWA', '2014-08-01 08:20:04', 4, NULL),
(142, 3232235848, 'CC7PSWA', '2014-08-01 08:20:10', 4, NULL),
(143, 3232235848, 'CC7PSWA', '2014-08-01 08:20:21', 4, NULL),
(144, 3232235848, 'CC7PSWA', '2014-08-01 08:20:34', 4, NULL),
(145, 3232235848, 'CC7PSWA', '2014-08-01 08:20:39', 3, NULL),
(146, 3232235848, 'CC7PSWA', '2014-08-01 08:20:46', 3, NULL),
(147, 3232235848, '7WVHKDW', '2014-08-01 08:21:04', 5, NULL),
(148, 3232235848, 'GD89P37', '2014-08-01 08:21:21', 5, NULL),
(149, 3232235848, '9NTRFWP', '2014-08-01 08:21:40', 2, NULL),
(150, 3232235848, '9NTRFWP', '2014-08-01 08:26:51', 2, NULL),
(151, 3232235848, '9NTRFWP', '2014-08-01 08:30:54', 2, NULL),
(152, 3232235848, '', '2014-08-01 12:03:09', 1, NULL),
(153, 3232235848, '', '2014-08-01 12:03:10', 1, NULL),
(154, 3232235848, '', '2014-08-01 12:03:18', 1, NULL),
(155, 3232235848, 'IXKKDNL', '2014-08-01 12:13:14', 3, NULL),
(156, 3232235848, '7RDKFVP', '2014-08-01 12:13:36', 2, NULL),
(157, 3232235848, '7RDKFVP', '2014-08-01 12:14:19', 0, 488),
(158, 3232235862, 'OL9XZBO', '2014-08-04 07:53:35', 2, NULL),
(159, 3232235848, 'RPEBMC8', '2014-08-04 07:59:48', 3, NULL),
(160, 3232235848, 'RPEBMC8', '2014-08-04 07:59:56', 3, NULL),
(161, 3232235862, 'OL9XZBO', '2014-08-04 08:00:10', 2, NULL),
(162, 3232235848, 'EVZFHLY', '2014-08-04 08:00:12', 2, NULL),
(163, 3232235848, 'EVZFHLY', '2014-08-04 08:03:06', 2, NULL),
(164, 3232235848, 'EVZFHLY', '2014-08-04 08:03:38', 2, NULL),
(165, 3232235862, 'OL9XZBO', '2014-08-04 08:09:10', 2, NULL),
(166, 3232235848, '9UA2A8U', '2014-08-04 09:03:22', 2, NULL),
(167, 3232235848, '9UA2A8U', '2014-08-04 09:15:48', 2, NULL),
(168, 3232235848, '9UA2A8U', '2014-08-04 09:16:27', 2, NULL),
(169, 3232235848, '9UA2A8U', '2014-08-04 10:52:51', 2, NULL),
(170, 3232235848, '9UA2A8U', '2014-08-04 10:53:21', 2, NULL),
(171, 3232235848, '9UA2A8U', '2014-08-04 11:40:01', 2, NULL),
(172, 3232235848, '9UA2A8U', '2014-08-04 11:40:41', 2, NULL),
(173, 3232235848, '9UA2A8U', '2014-08-04 11:59:18', 4, NULL),
(174, 3232235848, '9UA2A8U', '2014-08-04 11:59:27', 2, NULL),
(175, 3232235848, '9UA2A8U', '2014-08-04 13:18:45', 2, NULL),
(176, 3232235848, '9UA2A8U', '2014-08-04 13:19:47', 0, 489),
(177, 3232235848, 'GIXBRUR', '2014-08-04 13:47:11', 2, NULL),
(178, 3232235848, 'GIXBRUR', '2014-08-04 13:47:49', 0, 490),
(179, 3232235848, 'GIXBRUR', '2014-08-04 14:14:18', 3, NULL),
(180, 3232235848, 'FOI3MBT', '2014-08-04 14:14:29', 2, NULL),
(181, 3232235848, 'FOI3MBT', '2014-08-04 14:18:50', 2, NULL),
(182, 3232235848, 'FOI3MBT', '2014-08-04 14:20:52', 2, NULL),
(183, 3232235848, 'FOI3MBT', '2014-08-04 15:06:28', 2, NULL),
(184, 3232235820, 'CPXALLM', '2014-08-04 16:32:28', 5, NULL),
(185, 3232235820, 'CPXALLM', '2014-08-04 16:32:45', 5, NULL),
(186, 3232235820, 'U7U3ADL', '2014-08-04 16:33:15', 2, NULL),
(187, 3232235848, 'CPXALLM', '2014-08-04 16:34:16', 5, NULL),
(188, 3232235848, 'WIODKZX', '2014-08-04 16:34:29', 4, NULL),
(189, 3232235848, 'WIODKZX', '2014-08-04 16:34:36', 2, NULL),
(190, 3232235848, 'HBGHADS', '2014-08-04 16:34:54', 3, NULL),
(191, 3232235848, 'HBGHADS', '2014-08-04 16:35:15', 3, NULL),
(192, 3232235820, 'U7U3ADL', '2014-08-04 16:35:16', 2, NULL),
(193, 3232235820, 'U7U3ADL', '2014-08-04 16:37:48', 2, NULL),
(194, 3232235820, 'U7U3ADL', '2014-08-04 16:39:24', 2, NULL),
(195, 3232235820, 'U7U3ADL', '2014-08-04 16:40:23', 2, NULL),
(196, 3232235820, 'U7U3ADL', '2014-08-04 16:41:28', 2, NULL),
(197, 3232235820, 'U7U3ADL', '2014-08-04 16:43:14', 2, NULL),
(198, 3232235848, 'YFKO3UH', '2014-08-04 16:47:54', 2, NULL),
(199, 3232235848, 'YFKO3UH', '2014-08-04 16:55:59', 0, 491),
(200, 3232235820, 'U7U3ADL', '2014-08-04 17:09:07', 2, NULL),
(201, 3232235820, '3KSEAWM', '2014-08-04 17:56:53', 2, NULL),
(202, 3232235820, '3KSEAWM', '2014-08-04 22:38:49', 2, NULL),
(203, 3232235820, '3KSEAWM', '2014-08-04 22:40:00', 2, NULL),
(204, 3232235820, '3KSEAWM', '2014-08-04 22:40:56', 1, NULL),
(205, 3232235820, '', '2014-08-04 22:41:12', 1, NULL),
(206, 3232235820, '', '2014-08-04 22:42:18', 1, NULL),
(207, 3232235820, '3KSEAWM', '2014-08-04 22:44:15', 2, NULL),
(208, 3232235820, '3KSEAWM', '2014-08-04 22:47:35', 2, NULL),
(209, 3232235820, '3KSEAWM', '2014-08-04 22:48:36', 0, 492),
(210, 3232235820, 'U7U3ADL', '2014-08-04 23:42:02', 2, NULL),
(211, 3232235820, 'U7U3ADL', '2014-08-04 23:46:45', 2, NULL),
(212, 3232235820, 'U7U3ADL', '2014-08-04 23:47:20', 0, 493),
(213, 3232235861, 'X7EZCXH', '2014-08-05 06:50:31', 2, NULL),
(214, 3232235848, '7WVHKDW', '2014-08-05 07:05:47', 5, NULL),
(215, 3232235848, 'CC7PSWA', '2014-08-05 07:06:48', 3, NULL),
(216, 3232235848, 'BEAKW8Z', '2014-08-05 07:07:02', 3, NULL),
(217, 3232235848, 'IVAKUOE', '2014-08-05 07:07:16', 3, NULL),
(218, 3232235848, '8UOUWCP', '2014-08-05 07:07:30', 3, NULL),
(219, 3232235848, 'GD89P37', '2014-08-05 07:07:43', 5, NULL),
(220, 3232235848, '9NTRFWP', '2014-08-05 07:07:54', 2, NULL),
(221, 3232235848, '9NTRFWP', '2014-08-05 07:08:34', 2, NULL),
(222, 3232235848, '9NTRFWP', '2014-08-05 07:09:21', 2, NULL),
(223, 3232235848, '9NTRFWP', '2014-08-05 07:10:50', 2, NULL),
(224, 3232235820, 'PWRD3KT', '2014-08-05 07:11:37', 2, NULL),
(225, 3232235848, '9NTRFWP', '2014-08-05 07:12:02', 2, NULL),
(226, 3232235848, '9NTRFWP', '2014-08-05 07:13:54', 2, NULL),
(227, 3232235848, '9NTRFWP', '2014-08-05 07:15:55', 2, NULL),
(228, 3232235848, '9NTRFWP', '2014-08-05 07:17:07', 2, NULL),
(229, 3232235848, '9NTRFWP', '2014-08-05 07:18:50', 2, NULL),
(230, 3232235848, '9NTRFWP', '2014-08-05 07:20:42', 2, NULL),
(231, 3232235848, '9NTRFWP', '2014-08-05 07:22:29', 2, NULL),
(232, 3232235848, '9NTRFWP', '2014-08-05 07:23:27', 2, NULL),
(233, 3232235848, '9NTRFWP', '2014-08-05 07:42:27', 2, NULL),
(234, 3232235848, '9NTRFWP', '2014-08-05 07:43:59', 0, 494),
(235, 3232235848, '3RZHBX2', '2014-08-05 07:50:41', 3, NULL),
(236, 3232235848, 'CSUZKNH', '2014-08-05 07:51:04', 2, NULL),
(237, 3232235848, 'CSUZKNH', '2014-08-05 07:52:09', 0, 495),
(238, 3232235848, 'IXKKDNL', '2014-08-05 07:57:33', 3, NULL),
(239, 3232235848, '9K9I2HX', '2014-08-05 07:57:48', 2, NULL),
(240, 3232235848, '9K9I2HX', '2014-08-05 07:59:36', 2, NULL),
(241, 3232235848, '9K9I2HX', '2014-08-05 08:02:02', 2, NULL),
(242, 3232235848, '9K9I2HX', '2014-08-05 08:02:54', 2, NULL),
(243, 3232235848, '9K9I2HX', '2014-08-05 08:03:42', 2, NULL),
(244, 3232235848, '9K9I2HX', '2014-08-05 08:06:09', 2, NULL),
(245, 3232235848, '9K9I2HX', '2014-08-05 08:07:14', 0, 496),
(246, 3232235848, 'KEXSX7R', '2014-08-05 08:08:56', 2, NULL),
(247, 3232235848, 'KEXSX7R', '2014-08-05 08:09:25', 4, NULL),
(248, 3232235848, 'KEXSX7R', '2014-08-05 08:09:35', 2, NULL),
(249, 3232235848, 'KEXSX7R', '2014-08-05 08:10:40', 2, NULL),
(250, 3232235848, 'KEXSX7R', '2014-08-05 08:25:44', 2, NULL),
(251, 3232235848, 'KEXSX7R', '2014-08-05 08:26:56', 2, NULL),
(252, 3232235848, 'KEXSX7R', '2014-08-05 08:28:16', 0, 497),
(253, 3232235848, '9GESF9C', '2014-08-05 08:31:48', 2, NULL),
(254, 3232235848, '9GESF9C', '2014-08-05 08:32:12', 2, NULL),
(255, 3232235848, '9GESF9C', '2014-08-05 08:41:23', 2, NULL),
(256, 3232235848, '9GESF9C', '2014-08-05 08:41:57', 0, 498),
(257, 3232235848, '8NRKILB', '2014-08-05 08:43:17', 2, NULL),
(258, 3232235848, '8NRKILB', '2014-08-05 08:44:00', 0, 499),
(259, 3232235848, 'BH3LXHK', '2014-08-05 08:45:58', 2, NULL),
(260, 3232235848, 'BH3LXHK', '2014-08-05 08:47:25', 2, NULL),
(261, 3232235848, 'BH3LXHK', '2014-08-05 08:50:51', 2, NULL),
(262, 3232235848, 'BH3LXHK', '2014-08-05 08:51:51', 0, 500),
(263, 3232235886, 'BH3LXHK', '2014-08-05 09:02:24', 3, NULL),
(264, 3232235886, 'TLTIESC', '2014-08-05 09:02:42', 5, NULL),
(265, 3232235886, 'TLTIESC', '2014-08-05 09:02:59', 5, NULL),
(266, 3232235886, 'X9YPNOH', '2014-08-05 09:03:34', 2, NULL),
(267, 3232235886, 'X9YPNOH', '2014-08-05 09:04:49', 0, 501),
(268, 3232235848, 'X9YPNOH', '2014-08-05 09:14:03', 3, NULL),
(269, 3232235848, 'SE2NVSM', '2014-08-05 09:14:14', 4, NULL),
(270, 3232235848, 'SE2NVSM', '2014-08-05 09:14:22', 2, NULL),
(271, 3232235848, 'SE2NVSM', '2014-08-05 09:50:16', 2, NULL),
(272, 3232235848, 'SE2NVSM', '2014-08-05 11:53:18', 2, NULL),
(273, 3232235848, 'SE2NVSM', '2014-08-05 11:54:09', 0, 502),
(274, 3232235848, 'IWAUPH2', '2014-08-05 11:54:47', 2, NULL),
(275, 3232235848, 'IWAUPH2', '2014-08-05 11:55:46', 0, 503),
(276, 3232235848, '7RDKFVP', '2014-08-05 11:56:47', 3, NULL),
(277, 3232235848, 'BISYY89', '2014-08-05 11:56:58', 2, NULL),
(278, 3232235848, 'BISYY89', '2014-08-05 11:58:01', 0, 504),
(279, 3232235848, 'BISYY89', '2014-08-05 12:47:28', 3, NULL),
(280, 3232235848, 'VT89KOV', '2014-08-05 12:47:38', 3, NULL),
(281, 3232235848, 'EVZFHLY', '2014-08-05 12:47:53', 2, NULL),
(282, 3232235848, 'EVZFHLY', '2014-08-05 12:47:57', 2, NULL),
(283, 3232235848, 'EVZFHLY', '2014-08-05 12:53:15', 2, NULL),
(284, 3232235848, 'EVZFHLY', '2014-08-05 12:54:28', 2, NULL),
(285, 1539792052, '', '2014-08-05 13:11:12', 1, NULL),
(286, 3232235862, 'OL9XZBO', '2014-08-05 14:05:34', 2, NULL),
(287, 3232235848, 'EVZFHLY', '2014-08-05 14:07:20', 2, NULL),
(288, 3232235848, 'EVZFHLY', '2014-08-05 15:11:07', 2, NULL),
(289, 3232235848, 'EVZFHLY', '2014-08-05 15:12:25', 0, 505),
(290, 3232235848, 'EVZFHLY', '2014-08-05 15:51:49', 3, NULL),
(291, 3232235848, '3SNNE8K', '2014-08-05 15:52:05', 4, NULL),
(292, 3232235848, '3SNNE8K', '2014-08-05 15:57:04', 3, NULL),
(293, 3232235848, 'DFV9GUS', '2014-08-05 15:57:23', 3, NULL),
(294, 3232235848, 'GIXBRUR', '2014-08-05 15:57:33', 3, NULL),
(295, 3232235848, 'FOI3MBT', '2014-08-05 15:57:46', 2, NULL),
(296, 3232235848, 'FOI3MBT', '2014-08-05 15:58:21', 0, 506),
(297, 3232235861, '3FH7FS2', '2014-08-06 07:01:01', 2, NULL),
(298, 3232235861, '3FH7FS2', '2014-08-06 07:02:05', 0, 507),
(299, 1541503864, 'PB2GHII', '2014-08-06 07:06:03', 2, NULL),
(300, 3232235861, '9YT9VRD', '2014-08-06 07:08:34', 2, NULL),
(301, 3232235848, '9K9I2HX', '2014-08-06 08:05:33', 3, NULL),
(302, 3232235848, 'FOI3MBT', '2014-08-06 08:05:54', 3, NULL),
(303, 3232235848, 'XABY7HI', '2014-08-06 08:06:11', 2, NULL),
(304, 3232235848, 'XABY7HI', '2014-08-06 08:14:39', 2, NULL),
(305, 3232235862, 'OL9XZBO', '2014-08-06 08:17:13', 2, NULL),
(306, 3232235862, 'OL9XZBO', '2014-08-06 08:18:15', 1, NULL),
(307, 3232235862, '', '2014-08-06 08:18:18', 1, NULL),
(308, 3232235862, '', '2014-08-06 08:18:29', 1, NULL),
(309, 3232235862, '', '2014-08-06 08:18:31', 1, NULL),
(310, 3232235862, '', '2014-08-06 08:18:31', 1, NULL),
(311, 3232235862, '', '2014-08-06 08:18:32', 1, NULL),
(312, 3232235862, '', '2014-08-06 08:18:32', 1, NULL),
(313, 3232235848, 'XABY7HI', '2014-08-06 08:19:42', 1, NULL),
(314, 3232235862, 'OL9XZBO', '2014-08-06 08:20:27', 2, NULL),
(315, 3232235848, 'XABY7HI', '2014-08-06 08:20:50', 2, NULL),
(316, 3232235862, 'OL9XZBO', '2014-08-06 08:21:03', 2, NULL),
(317, 3232235848, 'XABY7HI', '2014-08-06 08:21:28', 0, 508),
(318, 3232235862, 'OL9XZBO', '2014-08-06 08:22:41', 0, 509),
(319, 3232235848, 'GDBYPVY', '2014-08-06 08:26:21', 2, NULL),
(320, 3232235848, 'GDBYPVY', '2014-08-06 08:27:26', 2, NULL),
(321, 3232235848, 'GDBYPVY', '2014-08-06 08:28:30', 2, NULL),
(322, 3232235848, 'GDBYPVY', '2014-08-06 08:40:07', 2, NULL),
(323, 3232235848, 'GDBYPVY', '2014-08-06 08:41:19', 2, NULL),
(324, 3232235848, 'GDBYPVY', '2014-08-06 12:39:29', 4, NULL),
(325, 3232235848, 'GDBYPVY', '2014-08-06 12:39:38', 2, NULL),
(326, 3232235862, 'OL9XZBO', '2014-08-06 13:07:43', 3, NULL),
(327, 3232235862, 'OL9XZBO', '2014-08-06 13:07:56', 3, NULL),
(328, 3232235862, 'NFMA7LV', '2014-08-06 13:09:08', 2, NULL),
(329, 3232235848, 'NFMA7LV', '2014-08-06 13:12:33', 2, NULL),
(330, 3232235862, 'NFMA7LV', '2014-08-06 13:13:24', 0, 510),
(331, 3232235862, '', '2014-08-06 13:24:13', 1, NULL),
(332, 3232235862, '', '2014-08-06 13:24:20', 1, NULL),
(333, 3232235862, '', '2014-08-06 13:24:27', 1, NULL),
(334, 3232235862, '', '2014-08-06 13:24:34', 1, NULL),
(335, 3232235862, '', '2014-08-06 13:24:34', 1, NULL),
(336, 3232235862, '', '2014-08-06 13:24:34', 1, NULL),
(337, 3232235862, '', '2014-08-06 13:24:34', 1, NULL),
(338, 3232235862, '', '2014-08-06 13:24:34', 1, NULL),
(339, 3232235862, '', '2014-08-06 13:24:34', 1, NULL),
(340, 3232235862, '', '2014-08-06 13:24:34', 1, NULL),
(341, 3232235862, '', '2014-08-06 13:24:34', 1, NULL),
(342, 3232235862, '', '2014-08-06 13:24:34', 1, NULL),
(343, 3232235862, '', '2014-08-06 13:24:35', 1, NULL),
(344, 3232235862, '', '2014-08-06 13:24:35', 1, NULL),
(345, 3232235862, '', '2014-08-06 13:24:35', 1, NULL),
(346, 3232235862, '', '2014-08-06 13:24:36', 1, NULL),
(347, 3232235862, '', '2014-08-06 13:24:37', 1, NULL),
(348, 3232235862, '', '2014-08-06 13:24:57', 1, NULL),
(349, 3232235862, '', '2014-08-06 13:24:57', 1, NULL),
(350, 3232235862, '', '2014-08-06 13:24:58', 1, NULL),
(351, 3232235848, 'NFMA7LV', '2014-08-06 13:52:40', 3, NULL),
(352, 3232235848, 'NFMA7LV', '2014-08-06 13:52:55', 3, NULL),
(353, 3232235848, '7BL82EF', '2014-08-06 13:53:08', 5, NULL),
(354, 3232235848, 'DLYP97T', '2014-08-06 13:53:20', 2, NULL),
(355, 3232235848, 'DLYP97T', '2014-08-06 14:38:26', 2, NULL),
(356, 3232235848, 'DLYP97T', '2014-08-06 14:42:36', 1, NULL),
(357, 3232235848, '', '2014-08-06 14:42:43', 1, NULL),
(358, 3232235848, '', '2014-08-06 14:42:45', 1, NULL),
(359, 3232235848, '', '2014-08-06 14:42:46', 1, NULL),
(360, 3232235848, '', '2014-08-06 14:50:43', 1, NULL),
(361, 3232235848, '', '2014-08-06 14:50:44', 1, NULL),
(362, 3232235848, '', '2014-08-06 14:50:45', 1, NULL),
(363, 3232235848, 'DLYP97T', '2014-08-06 16:00:23', 4, NULL),
(364, 3232235848, 'DLYP97T', '2014-08-06 16:00:32', 2, NULL),
(365, 3232235862, 'NFMA7LV', '2014-08-06 18:09:04', 3, NULL),
(366, 3232235862, 'MSTYAXE', '2014-08-06 18:17:45', 2, NULL),
(367, 3232235862, 'MSTYAXE', '2014-08-06 18:49:38', 2, NULL),
(368, 3232235862, 'MSTYAXE', '2014-08-06 18:52:14', 1, NULL),
(369, 3232235862, '', '2014-08-06 18:52:23', 1, NULL),
(370, 3232235862, '', '2014-08-06 18:52:39', 1, NULL),
(371, 3232235862, '', '2014-08-06 18:52:48', 1, NULL),
(372, 3232235862, '', '2014-08-06 18:52:49', 1, NULL),
(373, 3232235862, '', '2014-08-06 18:52:49', 1, NULL),
(374, 3232235862, '', '2014-08-06 18:52:53', 1, NULL),
(375, 3232235862, '', '2014-08-06 18:52:53', 1, NULL),
(376, 3232235862, '', '2014-08-06 18:52:53', 1, NULL),
(377, 3232235862, '', '2014-08-06 18:52:53', 1, NULL),
(378, 3232235862, '', '2014-08-06 18:52:53', 1, NULL),
(379, 3232235862, '', '2014-08-06 18:52:53', 1, NULL),
(380, 3232235862, '', '2014-08-06 18:52:53', 1, NULL),
(381, 3232235862, '', '2014-08-06 18:52:53', 1, NULL),
(382, 3232235862, '', '2014-08-06 18:52:56', 1, NULL),
(383, 3232235862, '', '2014-08-06 18:52:57', 1, NULL),
(384, 3232235862, '', '2014-08-06 18:52:57', 1, NULL),
(385, 3232235862, '', '2014-08-06 18:52:57', 1, NULL),
(386, 3232235862, '', '2014-08-06 18:53:00', 1, NULL),
(387, 3232235862, '', '2014-08-06 18:53:01', 1, NULL),
(388, 3232235862, '', '2014-08-06 18:53:17', 1, NULL),
(389, 3232235862, '', '2014-08-06 18:53:17', 1, NULL),
(390, 3232235862, 'NFMA7LV', '2014-08-06 18:56:25', 3, NULL),
(391, 3232235862, '', '2014-08-06 19:00:04', 1, NULL),
(392, 3232235862, '', '2014-08-06 19:00:04', 1, NULL),
(393, 3232235848, 'MS7PCBW', '2014-08-07 07:49:26', 4, NULL),
(394, 3232235848, 'WRT3XYB', '2014-08-07 07:50:45', 2, NULL),
(395, 3232235848, 'MS7PCBW', '2014-08-07 07:51:29', 2, NULL),
(396, 3232235848, '2ZXDOSN', '2014-08-07 07:56:41', 2, NULL),
(397, 3232235862, 'IDH77GH', '2014-08-07 07:57:47', 4, NULL),
(398, 3232235862, 'IDH77GH', '2014-08-07 07:57:54', 2, NULL),
(399, 3232235848, '2ZXDOSN', '2014-08-07 07:58:30', 2, NULL),
(400, 3232235862, 'IDH77GH', '2014-08-07 08:00:15', 0, 511),
(401, 3232235862, 'IDH77GH', '2014-08-07 08:01:59', 3, NULL),
(402, 3232235862, 'FOASTML', '2014-08-07 08:02:10', 2, NULL),
(403, 3232235862, 'FOASTML', '2014-08-07 08:03:52', 2, NULL),
(404, 3232235862, 'FOASTML', '2014-08-07 08:07:04', 2, NULL),
(405, 3232235848, '2ZXDOSN', '2014-08-07 08:08:24', 0, 512),
(406, 3232235829, 'KTWKZ2Z', '2014-08-07 08:11:21', 4, NULL),
(407, 3232235829, 'KTWKZ2Z', '2014-08-07 08:11:28', 2, NULL),
(408, 3232235829, 'KTWKZ2Z', '2014-08-07 08:12:38', 0, 513),
(409, 3232235862, 'FOASTML', '2014-08-07 08:22:20', 0, 514),
(410, 3232235848, 'FHHFGH', '2014-08-07 08:26:45', 5, NULL),
(411, 3232235848, '2ZXDOSN', '2014-08-07 08:26:56', 3, NULL),
(412, 1295298762, 'L9Y7CCO', '2014-08-07 08:31:54', 2, NULL),
(413, 1295298762, 'L9Y7CCO', '2014-08-07 08:39:16', 2, NULL),
(414, 1295298762, 'L9Y7CCO', '2014-08-07 08:40:09', 0, 515),
(415, 3232235848, 'GDBYPVY', '2014-08-07 09:27:51', 2, NULL),
(416, 3232235848, 'GDBYPVY', '2014-08-07 09:32:20', 0, 516),
(417, 3232235848, 'EIRSCMK', '2014-08-07 09:40:01', 2, NULL),
(418, 3232235848, 'EIRSCMK', '2014-08-07 09:42:21', 0, 517),
(419, 3232235848, 'CPXALLM', '2014-08-07 09:44:55', 5, NULL),
(420, 3232235848, '7BL82EF', '2014-08-07 09:45:13', 5, NULL),
(421, 3232235848, 'DLYP97T', '2014-08-07 09:45:24', 2, NULL),
(422, 3232235790, 'FOASTML', '2014-08-07 10:08:41', 3, NULL),
(423, 3232235790, 'T3U3ERZ', '2014-08-07 10:09:15', 2, NULL),
(424, 3232235790, 'T3U3ERZ', '2014-08-07 10:10:32', 1, NULL),
(425, 3232235790, '', '2014-08-07 10:10:43', 1, NULL),
(426, 3232235790, '', '2014-08-07 10:10:46', 1, NULL),
(427, 3232235790, '', '2014-08-07 10:10:46', 1, NULL),
(428, 3232235790, '', '2014-08-07 10:10:46', 1, NULL),
(429, 3232235790, '', '2014-08-07 10:10:47', 1, NULL),
(430, 3232235790, '', '2014-08-07 10:11:16', 1, NULL),
(431, 3232235790, '', '2014-08-07 10:11:32', 1, NULL),
(432, 3232235790, '', '2014-08-07 10:11:34', 1, NULL),
(433, 3232235790, '', '2014-08-07 10:12:03', 1, NULL),
(434, 3232235790, '', '2014-08-07 10:12:04', 1, NULL),
(435, 3232235790, '', '2014-08-07 10:12:04', 1, NULL),
(436, 3232235790, '', '2014-08-07 10:12:05', 1, NULL),
(437, 3232235790, '', '2014-08-07 10:12:05', 1, NULL),
(438, 3232235790, '', '2014-08-07 10:12:05', 1, NULL),
(439, 3232235790, '', '2014-08-07 10:12:06', 1, NULL),
(440, 3232235790, '', '2014-08-07 10:12:06', 1, NULL),
(441, 3232235790, '', '2014-08-07 10:12:06', 1, NULL),
(442, 3232235790, '', '2014-08-07 10:12:14', 1, NULL),
(443, 3232235790, '', '2014-08-07 10:12:16', 1, NULL),
(444, 3232235790, '', '2014-08-07 10:12:17', 1, NULL),
(445, 3232235790, '', '2014-08-07 10:12:17', 1, NULL),
(446, 3232235790, '', '2014-08-07 10:12:17', 1, NULL),
(447, 3232235790, '', '2014-08-07 10:12:17', 1, NULL),
(448, 3232235790, '', '2014-08-07 10:12:54', 1, NULL),
(449, 3232235790, '', '2014-08-07 10:12:54', 1, NULL),
(450, 3232235790, '', '2014-08-07 10:12:55', 1, NULL),
(451, 1295298762, 'MS7PCBW', '2014-08-07 10:14:10', 2, NULL),
(452, 3232235788, 'GFHGFHGFHGFRYH546', '2014-08-07 12:05:59', 4, NULL),
(453, 3232235788, 'GFHGFHGFHGFRYH546', '2014-08-07 12:06:11', 4, NULL),
(454, 3232235788, 'GFHGFHGFHGFRYH546', '2014-08-07 12:07:18', 4, NULL),
(455, 3232235788, 'GFHGFHGFHGFRYH546', '2014-08-07 12:07:27', 4, NULL),
(456, 3232235788, 'GFHGFHGFHGFRYH546', '2014-08-07 12:07:27', 4, NULL),
(457, 3232235848, 'DLYP97T', '2014-08-07 12:15:19', 2, NULL),
(458, 3232235848, 'XABY7HI', '2014-08-07 12:15:40', 3, NULL),
(459, 3232235848, 'DLYP97T', '2014-08-07 12:16:04', 2, NULL),
(460, 3232235848, 'DLYP97T', '2014-08-07 12:16:44', 0, 518),
(461, 3232235862, '', '2014-08-07 13:28:51', 1, NULL),
(462, 3232235848, 'ZSNGKOS', '2014-08-07 15:20:08', 2, NULL),
(463, 3232235848, 'HFGHGF', '2014-08-07 15:25:51', 4, NULL),
(464, 3232235848, 'ZSNGKOS', '2014-08-07 15:31:09', 2, NULL),
(465, 3232235848, 'ZSNGKOS', '2014-08-07 15:31:28', 2, NULL),
(466, 3232235848, 'ZSNGKOS', '2014-08-07 15:37:04', 1, NULL),
(467, 3232235848, 'EVF3UMD', '2014-08-07 15:58:58', 2, NULL),
(468, 3232235848, 'EVF3UMD', '2014-08-07 16:35:00', 2, NULL),
(469, 3232235848, '', '2014-08-07 16:43:37', 1, NULL),
(470, 3232235848, 'EVF3UMD', '2014-08-07 16:47:49', 2, NULL),
(471, 3232235848, '', '2014-08-07 16:51:32', 1, NULL),
(472, 3232235848, '', '2014-08-07 16:51:36', 1, NULL),
(473, 3232235848, '', '2014-08-07 16:51:42', 1, NULL),
(474, 3232235848, 'EVF3UMD', '2014-08-07 17:19:08', 2, NULL),
(475, 3232235848, 'EVF3UMD', '2014-08-07 17:28:36', 2, NULL),
(476, 3232235848, '', '2014-08-07 17:29:40', 1, NULL),
(477, 3232235848, 'EVF3UMD', '2014-08-07 17:31:05', 2, NULL),
(478, 3232235848, 'EVF3UMD', '2014-08-07 17:31:29', 0, 519),
(479, 3232235848, 'N2SRNHE', '2014-08-07 17:32:11', 2, NULL),
(480, 3232235848, 'N2SRNHE', '2014-08-07 17:35:13', 2, NULL),
(481, 3232235848, 'N2SRNHE', '2014-08-07 17:41:46', 0, 520),
(482, 3232235848, 'KO99DEU', '2014-08-07 17:59:40', 4, NULL),
(483, 3232235848, 'KO99DEU', '2014-08-07 17:59:45', 2, NULL),
(484, 3232235848, 'KO99DEU', '2014-08-07 18:00:21', 0, 521),
(485, 3232235820, '', '2014-08-07 18:05:54', 1, NULL),
(486, 3232235848, 'FIIVECY', '2014-08-07 18:10:00', 2, NULL),
(487, 3232235848, 'FIIVECY', '2014-08-07 18:10:01', 2, NULL),
(488, 3232235848, '', '2014-08-07 18:11:20', 1, NULL),
(489, 3232235848, 'FIIVECY', '2014-08-07 18:11:31', 3, NULL),
(490, 3232235848, 'FIIVECY', '2014-08-07 18:11:40', 3, NULL),
(491, 3232235848, 'YRNKB9O', '2014-08-07 18:11:59', 2, NULL),
(492, 3232235848, 'YRNKB9O', '2014-08-07 18:12:07', 0, 523),
(493, 3232235848, 'ROT7YDE', '2014-08-07 18:25:12', 2, NULL),
(494, 3232235848, 'ROT7YDE', '2014-08-07 18:25:47', 0, 524),
(495, 3232235848, 'MSTYAXE', '2014-08-07 18:26:26', 2, NULL),
(496, 3232235848, 'MSTYAXE', '2014-08-07 18:28:08', 2, NULL),
(497, 3232235848, 'MSTYAXE', '2014-08-07 18:29:42', 0, 525),
(498, 3232235848, 'GTRIPI8', '2014-08-07 18:31:08', 2, NULL),
(499, 3232235848, 'GTRIPI8', '2014-08-07 18:33:19', 0, 526),
(500, 3232235848, 'OXWYUHN', '2014-08-07 18:36:49', 2, NULL),
(501, 3232235862, 'GKEBKB8', '2014-08-07 18:42:59', 5, NULL),
(502, 3232235862, 'T3U3ERZ', '2014-08-07 18:43:17', 2, NULL),
(503, 3232235848, 'X7T7I3N', '2014-08-07 18:43:27', 2, NULL),
(504, 3232235848, 'ACO2YG3', '2014-08-07 18:49:35', 4, NULL),
(505, 3232235848, 'ACO2YG3', '2014-08-07 18:49:42', 2, NULL),
(506, 3232235848, 'ACO2YG3', '2014-08-07 18:50:31', 2, NULL),
(507, 3232235848, 'ZSNGKOS', '2014-08-07 19:40:32', 2, NULL),
(508, 3232235848, 'ZSNGKOS', '2014-08-07 19:41:59', 0, 527),
(509, 3232235848, 'KO99DEU', '2014-08-07 19:50:03', 3, NULL),
(510, 3232235848, 'FIIVECY', '2014-08-07 19:50:16', 3, NULL),
(511, 3232235848, 'YRNKB9O', '2014-08-07 19:50:27', 3, NULL),
(512, 3232235848, '3XXY87V', '2014-08-07 19:50:39', 2, NULL),
(513, 3232235848, '3XXY87V', '2014-08-07 19:52:25', 2, NULL),
(514, 3232235848, '3XXY87V', '2014-08-07 19:53:32', 2, NULL),
(515, 3232235848, '3XXY87V', '2014-08-07 19:55:25', 0, 528),
(516, 3232235848, 'X8DENUC', '2014-08-07 20:31:44', 2, NULL),
(517, 3232235848, 'WKORPM8', '2014-08-07 20:36:31', 2, NULL),
(518, 3232235820, 'UHYEXZV', '2014-08-07 20:38:09', 2, NULL),
(519, 3232235820, 'UHYEXZV', '2014-08-07 20:48:00', 2, NULL),
(520, 3232235820, 'UHYEXZV', '2014-08-07 20:58:11', 2, NULL),
(521, 3232235848, '3IGXYRP', '2014-08-07 21:03:07', 2, NULL),
(522, 3232235848, '3IGXYRP', '2014-08-07 21:10:13', 2, NULL),
(523, 3232235820, 'UHYEXZV', '2014-08-07 21:11:08', 2, NULL),
(524, 3232235848, '3IGXYRP', '2014-08-07 21:12:46', 0, 529),
(525, 3232235848, 'UHYEXZV', '2014-08-07 21:14:18', 2, NULL),
(526, 3232235848, 'UHYEXZV', '2014-08-07 21:16:36', 0, 530),
(527, 3232235848, 'HASDTKF', '2014-08-07 21:18:34', 2, NULL),
(528, 3232235848, 'HASDTKF', '2014-08-07 21:19:33', 2, NULL),
(529, 3232235848, 'HASDTKF', '2014-08-07 21:19:59', 0, 531),
(530, 3232235848, '2ZXDOSN', '2014-08-07 21:24:56', 3, NULL),
(531, 3232235848, 'YE82YZU', '2014-08-07 21:25:08', 2, NULL),
(532, 3232235848, '', '2014-08-07 21:26:58', 1, NULL),
(533, 3232235848, 'YE82YZU', '2014-08-07 21:27:21', 2, NULL),
(534, 3232235848, 'YE82YZU', '2014-08-07 21:28:01', 0, 532),
(535, 3232235848, 'S2G33CY', '2014-08-07 21:30:12', 2, NULL),
(536, 3232235848, 'S2G33CY', '2014-08-07 21:31:45', 0, 533),
(537, 3232235848, 'BEC99VS', '2014-08-07 21:34:47', 2, NULL),
(538, 3232235848, 'BEC99VS', '2014-08-07 21:35:36', 0, 534),
(539, 3232235848, 'IDH77GH', '2014-08-07 21:37:59', 3, NULL),
(540, 3232235848, 'FOASTML', '2014-08-07 21:38:09', 3, NULL),
(541, 3232235848, 'GKEBKB8', '2014-08-07 21:38:28', 5, NULL),
(542, 3232235848, 'T3U3ERZ', '2014-08-07 21:38:42', 2, NULL),
(543, 3232235848, 'T3U3ERZ', '2014-08-07 21:40:02', 0, 535),
(544, 3232235848, 'AFTGAYE', '2014-08-07 21:42:38', 2, NULL),
(545, 3232235848, 'AFTGAYE', '2014-08-07 21:43:14', 0, 536),
(546, 3232235848, 'CDKRXEM', '2014-08-07 21:46:24', 2, NULL),
(547, 3232235848, 'CDKRXEM', '2014-08-07 21:46:41', 0, 537),
(548, 3232235848, 'A92YKCT', '2014-08-08 06:06:09', 4, NULL),
(549, 3232235848, 'A92YKCT', '2014-08-08 06:06:14', 2, NULL),
(550, 3232235848, 'A92YKCT', '2014-08-08 06:06:58', 2, NULL),
(551, 3232235850, '', '2014-08-08 06:07:07', 1, NULL),
(552, 3232235850, '', '2014-08-08 06:07:08', 1, NULL),
(553, 3232235850, '', '2014-08-08 06:07:09', 1, NULL),
(554, 3232235850, '', '2014-08-08 06:07:14', 1, NULL),
(555, 3232235850, '', '2014-08-08 06:07:16', 1, NULL),
(556, 3232235850, '', '2014-08-08 06:07:20', 1, NULL),
(557, 3232235848, 'A92YKCT', '2014-08-08 06:07:22', 0, 538),
(558, 3232235848, 'EGEY7W7', '2014-08-08 06:08:24', 2, NULL),
(559, 3232235848, 'EGEY7W7', '2014-08-08 06:11:06', 2, NULL),
(560, 3232235848, 'EGEY7W7', '2014-08-08 06:11:28', 0, 539),
(561, 3232235848, 'COHF7R2', '2014-08-08 06:12:13', 5, NULL),
(562, 3232235848, 'NH22WTT', '2014-08-08 06:12:30', 2, NULL),
(563, 3232235848, 'NH22WTT', '2014-08-08 06:14:37', 2, NULL),
(564, 3232235848, 'GDBYPVY', '2014-08-08 07:49:47', 3, NULL),
(565, 3232235848, 'NFMA7LV', '2014-08-08 07:50:00', 3, NULL),
(566, 3232235848, 'NFMA7LV', '2014-08-08 07:57:04', 3, NULL),
(567, 3232235848, 'DLYP97T', '2014-08-08 07:57:17', 3, NULL),
(568, 3232235848, 'WF8YVCC', '2014-08-08 07:57:29', 4, NULL),
(569, 3232235848, 'WF8YVCC', '2014-08-08 07:57:33', 2, NULL),
(570, 3232235848, 'WF8YVCC', '2014-08-08 08:04:41', 2, NULL),
(571, 3232235848, 'WF8YVCC', '2014-08-08 08:06:29', 2, NULL),
(572, 3232235848, 'WF8YVCC', '2014-08-08 08:06:30', 2, NULL),
(573, 3232235848, 'WF8YVCC', '2014-08-08 08:06:31', 2, NULL),
(574, 3232235848, 'WF8YVCC', '2014-08-08 08:06:31', 2, NULL),
(575, 3232235848, 'WF8YVCC', '2014-08-08 08:06:32', 4, NULL),
(576, 3232235848, 'WF8YVCC', '2014-08-08 08:16:00', 0, 540),
(577, 3232235848, 'WF8YVCC', '2014-08-08 08:28:26', 3, NULL),
(578, 3232235848, 'XAUO3KG', '2014-08-08 08:28:39', 2, NULL),
(579, 3232235848, 'XAUO3KG', '2014-08-08 08:29:09', 0, 541),
(580, 3232235848, 'XAUO3KG', '2014-08-08 08:43:25', 3, NULL),
(581, 3232235848, 'XAUO3KG', '2014-08-08 08:47:12', 3, NULL),
(582, 3232235848, 'X7T7I3N', '2014-08-08 08:47:27', 2, NULL),
(583, 3232235862, 'BXSZVNK', '2014-08-08 09:03:58', 2, NULL),
(584, 3232235862, 'BXSZVNK', '2014-08-08 09:03:58', 2, NULL),
(585, 3232235848, 'X7T7I3N', '2014-08-08 09:19:00', 2, NULL),
(586, 3232235848, 'X7T7I3N', '2014-08-08 09:21:25', 2, NULL),
(587, 3232235848, 'X7T7I3N', '2014-08-08 09:24:05', 1, NULL),
(588, 3232235848, '', '2014-08-08 09:24:09', 1, NULL),
(589, 3232235848, '', '2014-08-08 09:24:10', 1, NULL),
(590, 3232235848, '', '2014-08-08 09:24:10', 1, NULL),
(591, 3232235848, 'ACO2YG3', '2014-08-08 09:52:58', 2, NULL),
(592, 3232235790, 'ACO2YG3', '2014-08-08 09:53:24', 4, NULL),
(593, 3232235790, 'ACO2YG3', '2014-08-08 09:53:32', 2, NULL),
(594, 3232235790, 'ACO2YG3', '2014-08-08 09:54:38', 0, 542),
(595, 3232235886, 'Z5NGKOS', '2014-08-08 09:56:17', 5, NULL),
(596, 3232235886, 'EVF3UMD', '2014-08-08 09:56:36', 4, NULL),
(597, 3232235886, 'EVF3UMD', '2014-08-08 09:56:42', 3, NULL),
(598, 3232235886, 'N2SRNE', '2014-08-08 09:57:00', 5, NULL),
(599, 3232235886, 'KO99DEU', '2014-08-08 09:57:16', 3, NULL),
(600, 3232235886, 'FIIVECY', '2014-08-08 09:57:31', 3, NULL),
(601, 3232235886, 'YRNKB90', '2014-08-08 09:57:48', 5, NULL),
(602, 3232235848, 'YRNKB9O', '2014-08-08 09:58:09', 3, NULL),
(603, 3232235848, 'MSTYAXE', '2014-08-08 09:58:19', 3, NULL),
(604, 3232235848, 'GTRIPI8', '2014-08-08 09:58:30', 3, NULL),
(605, 3232235848, 'NH22WTT', '2014-08-08 09:58:46', 2, NULL),
(606, 3232235886, 'NH22WTT', '2014-08-08 09:59:00', 2, NULL),
(607, 3232235848, '98322VM', '2014-08-08 11:59:18', 5, NULL),
(608, 3232235848, '2ZKTLK3', '2014-08-08 11:59:35', 2, NULL),
(609, 3232235848, '2ZKTLK3', '2014-08-08 12:03:53', 0, 543),
(610, 3232235848, '2ZKTLK3', '2014-08-08 12:27:29', 3, NULL),
(611, 3232235848, 'Y88CBI3', '2014-08-08 12:27:44', 2, NULL),
(612, 3232235848, 'Y88CBI3', '2014-08-08 12:36:40', 0, 544),
(613, 3232235848, 'Y88CBI3', '2014-08-08 12:46:25', 3, NULL),
(614, 3232235848, 'DCGTPPH', '2014-08-08 12:46:44', 2, NULL),
(615, 3232235848, 'DCGTPPH', '2014-08-08 12:49:21', 0, 545),
(616, 3232235848, 'DCGTPPH', '2014-08-08 12:52:45', 3, NULL),
(617, 3232235848, 'C7GRZKP', '2014-08-08 12:52:57', 2, NULL),
(618, 3232235848, 'C7GRZKP', '2014-08-08 12:54:08', 0, 546),
(619, 3232235848, 'HHTUPHV', '2014-08-08 13:02:44', 2, NULL),
(620, 3232235848, 'HHTUPHV', '2014-08-08 13:03:22', 0, 547),
(621, 3232235880, 'KEL8773', '2014-08-08 13:18:15', 4, NULL),
(622, 3232235880, 'KEL8773', '2014-08-08 13:18:24', 2, NULL),
(623, 3232235848, 'T2CK2YU', '2014-08-08 14:16:48', 2, NULL),
(624, 3232235862, 'HIWGVDV', '2014-08-08 14:36:42', 2, NULL),
(625, 3232235848, 'PLLSAIZ', '2014-08-08 14:44:50', 2, NULL),
(626, 3232235848, 'PLLSAIZ', '2014-08-08 14:45:42', 1, NULL),
(627, 3232235848, '', '2014-08-08 14:45:43', 1, NULL),
(628, 3232235848, '', '2014-08-08 14:45:44', 1, NULL),
(629, 3232235848, '', '2014-08-08 14:45:44', 1, NULL),
(630, 3232235848, '', '2014-08-08 14:45:44', 1, NULL),
(631, 3232235848, '', '2014-08-08 14:45:45', 1, NULL),
(632, 3232235848, '', '2014-08-08 14:45:45', 1, NULL),
(633, 3232235848, '', '2014-08-08 14:45:45', 1, NULL),
(634, 3232235848, '', '2014-08-08 14:45:46', 1, NULL),
(635, 3232235848, '', '2014-08-08 14:45:46', 1, NULL),
(636, 3232235848, '', '2014-08-08 14:45:47', 1, NULL),
(637, 3232235848, '', '2014-08-08 14:45:47', 1, NULL),
(638, 3232235848, '', '2014-08-08 14:45:47', 1, NULL),
(639, 3232235848, '', '2014-08-08 14:45:47', 1, NULL),
(640, 3232235848, '', '2014-08-08 14:45:48', 1, NULL),
(641, 3232235848, '', '2014-08-08 14:45:48', 1, NULL),
(642, 3232235848, '', '2014-08-08 14:45:48', 1, NULL),
(643, 3232235848, '', '2014-08-08 14:45:48', 1, NULL),
(644, 3232235848, '', '2014-08-08 14:45:48', 1, NULL),
(645, 3232235848, '', '2014-08-08 14:45:49', 1, NULL),
(646, 3232235848, '', '2014-08-08 14:45:49', 1, NULL),
(647, 3232235848, '', '2014-08-08 14:45:49', 1, NULL),
(648, 3232235848, '', '2014-08-08 14:45:49', 1, NULL),
(649, 3232235848, '', '2014-08-08 14:45:49', 1, NULL),
(650, 3232235848, '', '2014-08-08 14:45:50', 1, NULL),
(651, 3232235848, '', '2014-08-08 14:45:51', 1, NULL),
(652, 3232235848, '', '2014-08-08 14:45:52', 1, NULL),
(653, 3232235848, '', '2014-08-08 14:45:52', 1, NULL),
(654, 3232235848, '', '2014-08-08 14:46:02', 1, NULL),
(655, 3232235848, '', '2014-08-08 14:46:03', 1, NULL),
(656, 3232235848, '', '2014-08-08 14:46:03', 1, NULL),
(657, 3232235848, '', '2014-08-08 14:46:04', 1, NULL),
(658, 3232235848, '', '2014-08-08 14:46:04', 1, NULL),
(659, 3232235848, '', '2014-08-08 14:46:04', 1, NULL),
(660, 3232235848, '', '2014-08-08 14:46:05', 1, NULL),
(661, 3232235848, '', '2014-08-08 14:46:05', 1, NULL),
(662, 3232235848, '', '2014-08-08 14:46:06', 1, NULL),
(663, 3232235848, '', '2014-08-08 14:46:06', 1, NULL),
(664, 3232235848, '', '2014-08-08 14:46:06', 1, NULL),
(665, 3232235848, '', '2014-08-08 14:46:07', 1, NULL),
(666, 3232235848, '', '2014-08-08 14:46:07', 1, NULL),
(667, 3232235848, '', '2014-08-08 14:46:07', 1, NULL),
(668, 3232235848, '', '2014-08-08 14:46:07', 1, NULL),
(669, 3232235848, '', '2014-08-08 14:46:08', 1, NULL),
(670, 3232235848, '', '2014-08-08 14:46:08', 1, NULL),
(671, 3232235848, '', '2014-08-08 14:46:08', 1, NULL),
(672, 3232235848, '', '2014-08-08 14:46:09', 1, NULL),
(673, 3232235848, '', '2014-08-08 14:46:16', 1, NULL),
(674, 3232235848, '', '2014-08-08 14:46:17', 1, NULL),
(675, 3232235848, '', '2014-08-08 14:46:17', 1, NULL),
(676, 3232235848, '', '2014-08-08 14:46:18', 1, NULL),
(677, 3232235848, '', '2014-08-08 14:46:18', 1, NULL),
(678, 3232235848, '', '2014-08-08 14:46:18', 1, NULL),
(679, 3232235848, '', '2014-08-08 14:46:19', 1, NULL),
(680, 3232235848, '', '2014-08-08 14:46:19', 1, NULL),
(681, 3232235848, '', '2014-08-08 14:46:19', 1, NULL),
(682, 3232235848, '', '2014-08-08 14:46:20', 1, NULL),
(683, 3232235848, '', '2014-08-08 14:46:20', 1, NULL),
(684, 3232235848, '', '2014-08-08 14:46:20', 1, NULL),
(685, 3232235848, '', '2014-08-08 14:46:21', 1, NULL),
(686, 3232235848, '', '2014-08-08 14:46:21', 1, NULL),
(687, 3232235848, '', '2014-08-08 14:46:21', 1, NULL),
(688, 3232235848, '', '2014-08-08 14:46:22', 1, NULL),
(689, 1539792052, '', '2014-08-08 14:50:21', 1, NULL),
(690, 1539792052, '', '2014-08-08 14:50:21', 1, NULL),
(691, 1539792052, '', '2014-08-08 14:50:22', 1, NULL),
(692, 1539792052, '', '2014-08-08 14:50:22', 1, NULL),
(693, 1539792052, '', '2014-08-08 14:50:23', 1, NULL),
(694, 1539792052, '', '2014-08-08 14:50:30', 1, NULL),
(695, 1539792052, '', '2014-08-08 14:50:37', 1, NULL),
(696, 1539792052, '', '2014-08-08 14:50:38', 1, NULL),
(697, 1539792052, '', '2014-08-08 14:50:38', 1, NULL),
(698, 1539792052, '', '2014-08-08 14:50:42', 1, NULL),
(699, 1539792052, '', '2014-08-08 14:50:43', 1, NULL),
(700, 1539792052, '', '2014-08-08 14:50:43', 1, NULL),
(701, 1539792052, '', '2014-08-08 14:50:43', 1, NULL),
(702, 1539792052, '', '2014-08-08 14:50:44', 1, NULL),
(703, 1539792052, '', '2014-08-08 14:50:44', 1, NULL),
(704, 1539792052, '', '2014-08-08 14:50:45', 1, NULL),
(705, 1539792052, '', '2014-08-08 14:50:56', 1, NULL),
(706, 1539792052, '', '2014-08-08 14:51:03', 1, NULL),
(707, 1539792052, '', '2014-08-08 14:51:12', 1, NULL),
(708, 1539792052, '', '2014-08-08 14:51:12', 1, NULL),
(709, 1539792052, '', '2014-08-08 14:51:31', 1, NULL),
(710, 1539792052, '', '2014-08-08 14:51:31', 1, NULL),
(711, 1539792052, '', '2014-08-08 14:51:31', 1, NULL),
(712, 1539792052, '', '2014-08-08 14:51:31', 1, NULL),
(713, 1539792052, '', '2014-08-08 14:51:32', 1, NULL),
(714, 1539792052, '', '2014-08-08 14:54:39', 1, NULL),
(715, 1539792052, '', '2014-08-08 14:55:04', 1, NULL),
(716, 1539792052, '', '2014-08-08 14:55:14', 1, NULL),
(717, 1539792052, '', '2014-08-08 14:55:53', 1, NULL),
(718, 1539792052, '', '2014-08-08 14:56:29', 1, NULL),
(719, 1539792052, '', '2014-08-08 14:57:15', 1, NULL),
(720, 1539792052, '', '2014-08-08 14:57:16', 1, NULL),
(721, 1539792052, '', '2014-08-08 14:57:17', 1, NULL),
(722, 1539792052, '', '2014-08-08 14:57:41', 1, NULL),
(723, 1539792052, '', '2014-08-08 14:58:01', 1, NULL),
(724, 1539792052, '', '2014-08-08 14:59:40', 1, NULL),
(725, 1539792052, '', '2014-08-08 15:00:57', 1, NULL),
(726, 1539792052, '', '2014-08-08 15:01:37', 1, NULL),
(727, 1539792052, '', '2014-08-08 15:01:38', 1, NULL),
(728, 1539792052, '', '2014-08-08 15:01:38', 1, NULL),
(729, 1539792052, '', '2014-08-08 15:01:38', 1, NULL),
(730, 1539792052, '', '2014-08-08 15:02:01', 1, NULL),
(731, 1539792052, '', '2014-08-08 15:02:03', 1, NULL),
(732, 1539792052, '', '2014-08-08 15:05:21', 1, NULL),
(733, 1539792052, '', '2014-08-08 15:05:24', 1, NULL),
(734, 1539792052, '', '2014-08-08 15:05:25', 1, NULL),
(735, 1539792052, '', '2014-08-08 15:05:58', 1, NULL),
(736, 1539792052, '', '2014-08-08 15:05:59', 1, NULL),
(737, 1539792052, '', '2014-08-08 15:06:01', 1, NULL),
(738, 1539792052, '', '2014-08-08 15:06:02', 1, NULL),
(739, 1539792052, '', '2014-08-08 15:06:03', 1, NULL),
(740, 1539792052, '', '2014-08-08 15:06:03', 1, NULL),
(741, 1539792052, '', '2014-08-08 15:06:04', 1, NULL),
(742, 3232235850, '', '2014-08-08 15:06:53', 1, NULL),
(743, 3232235850, '', '2014-08-08 15:07:21', 1, NULL),
(744, 3232235850, '', '2014-08-08 15:07:22', 1, NULL),
(745, 3232235850, '', '2014-08-08 15:07:22', 1, NULL),
(746, 3232235850, '', '2014-08-08 15:07:22', 1, NULL),
(747, 3232235850, '', '2014-08-08 15:07:32', 1, NULL),
(748, 3232235848, 'YKUDCIC', '2014-08-08 15:20:57', 2, NULL),
(749, 3232235848, 'YKUDCIC', '2014-08-08 15:22:01', 1, NULL),
(750, 3232235848, 'YKUDCIC', '2014-08-08 15:22:36', 2, NULL),
(751, 3232235848, 'YKUDCIC', '2014-08-08 15:23:02', 1, NULL),
(752, 3232235848, '', '2014-08-08 15:23:04', 1, NULL),
(753, 3232235848, '', '2014-08-08 15:23:05', 1, NULL),
(754, 3232235848, '', '2014-08-08 15:23:05', 1, NULL),
(755, 3232235848, '', '2014-08-08 15:23:06', 1, NULL),
(756, 3232235848, '', '2014-08-08 15:23:17', 1, NULL),
(757, 3232235848, '', '2014-08-08 15:24:25', 1, NULL),
(758, 3232235848, '', '2014-08-08 15:24:27', 1, NULL),
(759, 3232235848, '', '2014-08-08 15:24:39', 1, NULL),
(760, 3232235848, '', '2014-08-08 15:24:39', 1, NULL),
(761, 3232235848, '', '2014-08-08 15:24:40', 1, NULL),
(762, 3232235848, '', '2014-08-08 15:24:40', 1, NULL),
(763, 3232235848, '', '2014-08-08 15:24:41', 1, NULL),
(764, 3232235848, '', '2014-08-08 15:24:41', 1, NULL),
(765, 3232235848, '', '2014-08-08 15:24:41', 1, NULL),
(766, 3232235848, '', '2014-08-08 15:24:42', 1, NULL),
(767, 3232235848, '', '2014-08-08 15:24:43', 1, NULL),
(768, 3232235848, '', '2014-08-08 15:24:44', 1, NULL),
(769, 3232235848, '', '2014-08-08 15:24:51', 1, NULL),
(770, 3232235848, '', '2014-08-08 15:24:57', 1, NULL),
(771, 3232235848, '', '2014-08-08 15:24:58', 1, NULL),
(772, 3232235848, '', '2014-08-08 15:24:58', 1, NULL),
(773, 3232235848, 'YKUDCIC', '2014-08-08 15:25:59', 2, NULL),
(774, 3232235848, 'YKUDCIC', '2014-08-08 15:26:34', 0, 548),
(775, 3232235820, 'NTEBNP9', '2014-08-08 15:28:30', 2, NULL),
(776, 3232235848, 'URXL2WV', '2014-08-08 15:43:51', 2, NULL),
(777, 3232235848, 'NWHOHL8', '2014-08-08 15:47:14', 2, NULL),
(778, 3232235848, 'NWHOHL8', '2014-08-08 15:48:34', 1, NULL),
(779, 3232235848, 'NWHOHL8', '2014-08-08 15:49:22', 2, NULL),
(780, 3232235848, 'FDPV3XL', '2014-08-08 16:03:04', 2, NULL),
(781, 3232235848, 'FDPV3XL', '2014-08-08 16:03:36', 0, 549),
(782, 3232235848, 'HINV78M', '2014-08-08 16:40:24', 2, NULL),
(783, 3232236020, '', '2014-08-09 00:53:37', 1, NULL),
(784, 3232236020, '', '2014-08-09 01:42:42', 1, NULL),
(785, 3232235820, 'UO77FK3', '2014-08-09 11:02:03', 2, NULL),
(786, 3232235820, 'UO77FK3', '2014-08-09 11:09:31', 0, 550),
(787, 3232235820, '83HCPTL', '2014-08-09 11:16:15', 2, NULL),
(788, 3232235820, '83HCPTL', '2014-08-09 11:16:42', 0, 551),
(789, 3232236022, 'XPMHUCS', '2014-08-10 19:58:52', 2, NULL),
(790, 3232236022, 'XPMHUCS', '2014-08-10 20:00:22', 2, NULL),
(791, 3232236022, 'XPMHUCS', '2014-08-10 20:01:20', 2, NULL),
(792, 3232236022, '', '2014-08-10 20:02:30', 1, NULL),
(793, 3232236022, 'XPMHUCS', '2014-08-10 20:03:00', 2, NULL),
(794, 3232236022, 'XPMHUCS', '2014-08-10 20:04:18', 2, NULL),
(795, 3232236022, 'XPMHUCS', '2014-08-10 20:05:00', 2, NULL),
(796, 3232236022, 'XPMHUCS', '2014-08-10 20:05:18', 0, 552),
(797, 3232236022, 'OYPU2FZ', '2014-08-10 20:11:08', 4, NULL),
(798, 3232236022, 'OYPU2FZ', '2014-08-10 20:11:14', 4, NULL),
(799, 3232236022, 'OYPU2FZ', '2014-08-10 20:11:19', 2, NULL),
(800, 3232236022, 'OYPU2FZ', '2014-08-10 20:24:28', 2, NULL),
(801, 3232236022, 'OYPU2FZ', '2014-08-10 20:26:40', 2, NULL),
(802, 3232236022, 'OYPU2FZ', '2014-08-10 20:27:00', 0, 553),
(803, 3232236022, 'WKORPM8', '2014-08-10 20:28:11', 2, NULL),
(804, 3232236022, 'WKORPM8', '2014-08-10 20:29:26', 2, NULL),
(805, 3232236022, 'WKORPM8', '2014-08-10 20:30:19', 2, NULL),
(806, 3232236022, 'WKORPM8', '2014-08-10 20:31:15', 2, NULL),
(807, 3232236022, 'WKORPM8', '2014-08-10 20:32:51', 2, NULL),
(808, 3232236022, 'WKORPM8', '2014-08-10 20:35:08', 2, NULL),
(809, 3232236022, 'WKORPM8', '2014-08-10 20:36:28', 2, NULL),
(810, 3232236022, 'WKORPM8', '2014-08-10 20:37:08', 0, 554),
(811, 3232236022, 'WKORPM8', '2014-08-10 20:43:45', 3, NULL),
(812, 3232236022, 'X8DENUC', '2014-08-10 20:44:00', 5, NULL),
(813, 3232236022, 'YAZZPVG', '2014-08-10 20:44:14', 2, NULL),
(814, 3232236022, 'YAZZPVG', '2014-08-10 20:45:11', 0, 555),
(815, 3232236022, 'YAZZPVG', '2014-08-10 20:48:39', 3, NULL),
(816, 3232236022, 'TU7FUM9', '2014-08-10 20:48:50', 2, NULL),
(817, 3232236022, 'TU7FUM9', '2014-08-10 20:49:22', 0, 556),
(818, 3232236022, 'S327E3C', '2014-08-10 20:49:58', 2, NULL),
(819, 3232236022, 'S327E3C', '2014-08-10 20:51:12', 0, 557),
(820, 3232236022, 'N7DAT3L', '2014-08-10 21:18:34', 2, NULL),
(821, 3232236022, 'N7DAT3L', '2014-08-10 21:19:50', 0, 558),
(822, 3232236022, '3IGXYRP', '2014-08-10 21:20:32', 3, NULL),
(823, 3232236022, 'UHYEXZV', '2014-08-10 21:20:44', 3, NULL),
(824, 3232236022, 'HASDTKF', '2014-08-10 21:20:57', 3, NULL),
(825, 3232236022, 'YE82YZU', '2014-08-10 21:21:14', 5, NULL),
(826, 3232236022, 'S2G33CY', '2014-08-10 21:21:25', 3, NULL),
(827, 3232236022, 'T3U3ERZ', '2014-08-10 21:21:38', 3, NULL),
(828, 3232236022, 'AFTGAYE', '2014-08-10 21:21:51', 3, NULL),
(829, 3232236022, 'CDKRXEM', '2014-08-10 21:22:02', 3, NULL),
(830, 3232236022, 'P8ALLEW', '2014-08-10 21:22:14', 2, NULL),
(831, 3232236022, 'P8ALLEW', '2014-08-10 21:22:50', 0, 559),
(832, 3232236022, 'O7GUR2X', '2014-08-10 21:33:00', 2, NULL),
(833, 3232236022, 'O7GUR2X', '2014-08-10 21:33:52', 0, 560),
(834, 3232236022, 'BXSZVNK', '2014-08-10 21:38:39', 2, NULL),
(835, 3232236022, 'BXSZVNK', '2014-08-10 21:39:44', 0, 561),
(836, 3232236022, 'BXSZVNK', '2014-08-10 21:49:05', 3, NULL),
(837, 3232236022, 'V9LCPMV', '2014-08-10 21:49:18', 2, NULL),
(838, 3232236022, 'V9LCPMV', '2014-08-10 21:53:58', 0, 562),
(839, 3232236022, '2OOGGRU', '2014-08-10 21:57:53', 2, NULL),
(840, 3232236022, '2OOGGRU', '2014-08-10 21:58:43', 0, 563),
(841, 3232236022, 'BMTCRDH', '2014-08-11 03:27:37', 2, NULL),
(842, 3232236022, 'BMTCRDH', '2014-08-11 03:29:54', 0, 564),
(843, 3232236022, 'EUCNMKE', '2014-08-11 03:31:40', 2, NULL),
(844, 3232236022, 'EUCNMKE', '2014-08-11 03:32:35', 0, 565),
(845, 1295298762, 'GC38FXE', '2014-08-11 10:44:14', 2, NULL),
(846, 3232235862, '', '2014-08-11 10:49:30', 1, NULL),
(847, 3232235862, '', '2014-08-11 10:49:32', 1, NULL),
(848, 3232235862, '', '2014-08-11 10:49:32', 1, NULL),
(849, 3232235862, '', '2014-08-11 10:49:33', 1, NULL),
(850, 3232235862, '', '2014-08-11 10:49:33', 1, NULL),
(851, 3232235862, '', '2014-08-11 10:49:34', 1, NULL),
(852, 3232235862, '', '2014-08-11 10:49:50', 1, NULL),
(853, 3232235862, '', '2014-08-11 10:49:50', 1, NULL),
(854, 3232235862, '', '2014-08-11 10:50:38', 1, NULL),
(855, 3232235862, '', '2014-08-11 10:50:38', 1, NULL),
(856, 3232235862, '', '2014-08-11 10:50:38', 1, NULL),
(857, 3232235862, '', '2014-08-11 10:50:39', 1, NULL),
(858, 3232235862, '', '2014-08-11 10:50:39', 1, NULL),
(859, 3232235862, '', '2014-08-11 10:50:39', 1, NULL),
(860, 3232235862, '', '2014-08-11 10:50:50', 1, NULL),
(861, 3232235862, '', '2014-08-11 10:50:55', 1, NULL),
(862, 3232235862, 'E8HRKX2', '2014-08-11 10:51:54', 5, NULL),
(863, 3232235862, 'WVMD9ID', '2014-08-11 10:52:06', 5, NULL),
(864, 3232235862, 'Y9G2KSA', '2014-08-11 10:52:21', 5, NULL),
(865, 3232235862, 'K8BD3U7', '2014-08-11 10:52:31', 5, NULL),
(866, 3232235862, 'DASD', '2014-08-11 11:23:12', 4, NULL),
(867, 3232235862, '2OOGGRU', '2014-08-11 11:31:33', 4, NULL),
(868, 3232235862, '2OOGGRU', '2014-08-11 11:31:37', 3, NULL),
(869, 3232235862, 'V9LCPMV', '2014-08-11 11:35:24', 3, NULL);
INSERT INTO `redeem_log` (`redeem_id`, `ip`, `code`, `time`, `result`, `gift_id`) VALUES
(870, 3232235848, 'E8HRKX2', '2014-08-11 11:51:49', 5, NULL),
(871, 3232235848, 'BMTCRDH', '2014-08-11 11:52:04', 3, NULL),
(872, 3232235848, 'EUCNMKE', '2014-08-11 11:52:18', 3, NULL),
(873, 3232235848, 'E2XAKCC', '2014-08-11 11:52:35', 2, NULL),
(874, 3232235848, 'E2XAKCC', '2014-08-11 11:55:09', 1, NULL),
(875, 3232235848, '', '2014-08-11 11:55:11', 1, NULL),
(876, 3232235848, '', '2014-08-11 11:55:12', 1, NULL),
(877, 3232235848, '', '2014-08-11 11:55:13', 1, NULL),
(878, 3232235848, '', '2014-08-11 11:55:15', 1, NULL),
(879, 3232235848, '', '2014-08-11 11:55:16', 1, NULL),
(880, 3232235848, '', '2014-08-11 11:55:16', 1, NULL),
(881, 3232235848, '8NEGVOG', '2014-08-11 11:56:34', 2, NULL),
(882, 3232235862, 'NKNC8VD', '2014-08-11 11:59:12', 2, NULL),
(883, 3232235862, 'NKNC8VD', '2014-08-11 12:00:49', 1, NULL),
(884, 3232235862, '', '2014-08-11 12:01:15', 1, NULL),
(885, 3232235862, '', '2014-08-11 12:01:15', 1, NULL),
(886, 3232235862, '', '2014-08-11 12:01:16', 1, NULL),
(887, 3232235862, '', '2014-08-11 12:01:18', 1, NULL),
(888, 3232235862, '', '2014-08-11 12:01:18', 1, NULL),
(889, 3232235862, '', '2014-08-11 12:01:19', 1, NULL),
(890, 3232235862, '', '2014-08-11 12:01:20', 1, NULL),
(891, 3232235862, 'IDH77GH', '2014-08-11 16:55:38', 3, NULL),
(892, 3232235862, 'FOASTML', '2014-08-11 16:55:55', 3, NULL),
(893, 3232235848, 'PDXYMES', '2014-08-12 15:47:55', 2, NULL),
(894, 3232235848, 'PDXYMES', '2014-08-12 15:49:41', 2, NULL),
(895, 3232235848, 'HCUPGI2', '2014-08-12 15:55:31', 2, NULL),
(896, 3232235848, 'XOYZMPD', '2014-08-15 10:36:05', 2, NULL),
(897, 3232235848, 'XOYZMPD', '2014-08-15 10:36:40', 0, 566),
(898, 3232235848, '', '2014-08-15 10:37:05', 7, NULL),
(899, 3232235848, 'DVZSMXN', '2014-08-15 10:43:10', 2, NULL),
(900, 3232235848, 'DVZSMXN', '2014-08-15 10:43:32', 2, NULL),
(901, 3232235848, 'DVZSMXN', '2014-08-15 10:44:04', 2, NULL),
(902, 3232235848, 'DVZSMXN', '2014-08-15 10:44:40', 2, NULL),
(903, 3232235848, 'DVZSMXN', '2014-08-15 10:45:25', 2, NULL),
(904, 3232235848, 'DVZSMXN', '2014-08-15 10:45:59', 0, 567),
(905, 3232235848, '', '2014-08-15 10:46:28', 7, NULL),
(906, 3232235848, '', '2014-08-15 10:47:32', 7, 567),
(907, 3232235848, '3CVAPLH', '2014-08-15 11:03:51', 2, NULL),
(908, 3232235848, '3CVAPLH', '2014-08-15 11:04:19', 0, 568),
(909, 3232235848, '', '2014-08-15 11:04:43', 7, 568),
(910, 3232235848, '3CVAPLH', '2014-08-15 11:06:03', 3, NULL),
(911, 3232235848, '27NIZMF', '2014-08-15 11:06:14', 2, NULL),
(912, 3232235848, 'EUCNME8', '2014-08-15 11:06:34', 2, NULL),
(913, 3232235848, 'MELVWI8', '2014-08-15 11:06:50', 2, NULL),
(914, 3232235848, 'MELVWI8', '2014-08-15 11:07:22', 0, 569),
(915, 3232235848, '', '2014-08-15 11:08:22', 7, 569),
(916, 3232235848, 'EUCNME8', '2014-08-15 11:09:27', 2, NULL),
(917, 3232235848, 'EUCNME8', '2014-08-15 11:09:53', 0, 570),
(918, 3232235848, '', '2014-08-15 11:10:15', 7, 570),
(919, 3232235848, 'MELVWI8', '2014-08-15 11:48:27', 3, NULL),
(920, 3232235848, 'GLVY9TN', '2014-08-15 11:48:36', 2, NULL),
(921, 3232235848, 'GLVY9TN', '2014-08-15 11:49:09', 0, 571),
(922, 3232235820, 'DVTT2OY', '2014-08-15 11:57:07', 2, NULL),
(923, 3232235848, 'RPNXRUL', '2014-08-15 11:57:20', 2, NULL),
(924, 3232235820, 'DVTT2OY', '2014-08-15 11:59:52', 2, NULL),
(925, 3232235820, 'DVTT2OY', '2014-08-15 12:00:12', 2, NULL),
(926, 3232235820, 'DVTT2OY', '2014-08-15 12:00:15', 2, NULL),
(927, 3232235820, 'DVTT2OY', '2014-08-15 12:00:16', 4, NULL),
(928, 3232235820, 'DVTT2OY', '2014-08-15 12:00:16', 4, NULL),
(929, 3232235820, 'DVTT2OY', '2014-08-15 12:00:16', 4, NULL),
(930, 3232235820, 'DVTT2OY', '2014-08-15 12:00:18', 4, NULL),
(931, 3232235820, 'DVTT2OY', '2014-08-15 12:00:34', 6, NULL),
(932, 3232235848, 'RPNXRUL', '2014-08-15 13:15:00', 2, NULL),
(933, 3232235848, 'RPNXRUL', '2014-08-15 13:15:08', 6, NULL),
(934, 3232235848, 'RPNXRUL', '2014-08-15 13:15:34', 0, 572),
(935, 3232235848, '', '2014-08-15 13:16:01', 7, 572),
(936, 3232235848, '2ZH7VCF', '2014-08-15 13:28:03', 2, NULL),
(937, 3232235848, '2ZH7VCF', '2014-08-15 13:30:52', 6, NULL),
(938, 3232235848, '2ZH7VCF', '2014-08-15 13:42:34', 0, 573),
(939, 3232235848, 'KEXSWTS', '2014-08-15 14:06:11', 2, NULL),
(940, 3232235848, 'KEXSWTS', '2014-08-15 14:06:20', 6, NULL),
(941, 3232235848, 'KEXSWTS', '2014-08-15 14:06:34', 0, 574),
(942, 3232235848, 'NLEULET', '2014-08-15 14:07:49', 2, NULL),
(943, 3232235848, 'NLEULET', '2014-08-15 14:07:59', 6, NULL),
(944, 3232235848, 'NLEULET', '2014-08-15 14:08:12', 0, 575),
(945, 3232235848, 'ZRIAPHM', '2014-08-15 14:09:11', 2, NULL),
(946, 3232235848, 'ZRIAPHM', '2014-08-15 14:09:18', 6, NULL),
(947, 3232235848, 'ZRIAPHM', '2014-08-15 14:09:32', 0, 576),
(948, 3232235848, 'EUCNME8', '2014-08-15 14:10:29', 3, NULL),
(949, 3232235848, '27NIZMF', '2014-08-15 14:10:39', 2, NULL),
(950, 3232235848, '27NIZMF', '2014-08-15 14:10:46', 6, NULL),
(951, 3232235848, '27NIZMF', '2014-08-15 14:11:01', 0, 577),
(952, 3232235848, '3CVAPLH', '2014-08-15 14:12:13', 3, NULL),
(953, 3232235848, 'CDIKZ3Y', '2014-08-15 14:12:26', 2, NULL),
(954, 3232235848, 'CDIKZ3Y', '2014-08-15 14:12:36', 6, NULL),
(955, 3232235848, 'CDIKZ3Y', '2014-08-15 14:12:51', 0, 578),
(956, 3232235848, 'C7GRZKP', '2014-08-15 14:32:22', 3, NULL),
(957, 3232235848, 'HHTUPHV', '2014-08-15 14:32:36', 3, NULL),
(958, 3232235848, 'D2DPMWA', '2014-08-15 14:32:47', 5, NULL),
(959, 3232235848, 'OBLFDUX', '2014-08-15 14:33:14', 5, NULL),
(960, 3232235848, 'TNDD9XH', '2014-08-15 14:33:32', 5, NULL),
(961, 3232235848, '98NRSUL', '2014-08-15 14:33:42', 2, NULL),
(962, 3232235820, '98NRSUL', '2014-08-15 14:37:32', 2, NULL),
(963, 3232235820, '98NRSUL', '2014-08-15 14:37:41', 6, NULL),
(964, 3232235848, 'OHKHLTL', '2014-08-15 14:49:24', 2, NULL),
(965, 3232235848, 'OHKHLTL', '2014-08-15 14:49:38', 6, NULL),
(966, 3232235848, 'OHKHLTL', '2014-08-15 14:50:46', 2, NULL),
(967, 3232235848, 'OHKHLTL', '2014-08-15 14:50:55', 6, NULL),
(968, 3232235848, 'OHKHLTL', '2014-08-15 14:56:35', 2, NULL),
(969, 3232235848, 'OHKHLTL', '2014-08-15 14:56:48', 6, NULL),
(970, 3232235848, 'OHKHLTL', '2014-08-15 14:58:38', 2, NULL),
(971, 3232235848, 'OHKHLTL', '2014-08-15 14:58:48', 6, NULL),
(972, 3232235848, 'OHKHLTL', '2014-08-15 14:59:52', 0, 579),
(973, 3232235848, '', '2014-08-15 15:00:25', 7, 579),
(974, 3232235848, 'OHKHLTL', '2014-08-15 15:09:36', 3, NULL),
(975, 3232235848, '98DPYUE', '2014-08-15 15:09:53', 2, NULL),
(976, 3232235848, '98DPYUE', '2014-08-15 15:10:04', 6, NULL),
(977, 3232235848, '98DPYUE', '2014-08-15 15:16:00', 2, NULL),
(978, 3232235848, '98DPYUE', '2014-08-15 15:17:46', 6, NULL),
(979, 3232235848, '98DPYUE', '2014-08-15 15:18:36', 2, NULL),
(980, 3232235848, '98DPYUE', '2014-08-15 15:18:45', 6, NULL),
(981, 3232235848, '98DPYUE', '2014-08-15 15:41:39', 2, NULL),
(982, 3232235848, '98DPYUE', '2014-08-15 15:41:51', 6, NULL),
(983, 3232235848, '98DPYUE', '2014-08-15 15:42:11', 0, 580),
(984, 3232235848, '', '2014-08-15 15:42:31', 7, 580),
(985, 3232235848, 'CC32VDD', '2014-08-15 15:44:07', 2, NULL),
(986, 3232235848, 'CC32VDD', '2014-08-15 15:44:29', 6, NULL),
(987, 3232235848, 'WIODKZX', '2014-08-15 15:56:56', 2, NULL),
(988, 3232235848, 'WIODKZX', '2014-08-15 15:57:06', 6, NULL),
(989, 3232235848, 'U7U3ADL', '2014-08-15 16:05:57', 3, NULL),
(990, 3232235848, '3KSEAWM', '2014-08-15 16:06:10', 3, NULL),
(991, 3232235848, '29EIV2B', '2014-08-15 16:06:25', 2, NULL),
(992, 3232235848, '29EIV2B', '2014-08-15 16:06:36', 6, NULL),
(993, 3232235848, '29EIV2B', '2014-08-15 16:06:52', 0, 581),
(994, 3232235848, 'SE2CPZC', '2014-08-15 16:09:05', 2, NULL),
(995, 3232235848, 'SE2CPZC', '2014-08-15 16:09:14', 6, NULL),
(996, 3232235848, 'SE2CPZC', '2014-08-15 16:09:33', 0, 582),
(997, 3232235848, 'UAE32EV', '2014-08-15 16:14:09', 2, NULL),
(998, 3232235848, 'UAE32EV', '2014-08-15 16:14:18', 6, NULL),
(999, 3232235848, 'UAE32EV', '2014-08-15 16:15:43', 2, NULL),
(1000, 3232235848, 'UAE32EV', '2014-08-15 16:15:53', 6, NULL),
(1001, 3232235848, 'KT9G9A7', '2014-08-15 16:22:49', 2, NULL),
(1002, 3232235848, 'KT9G9A7', '2014-08-15 16:22:57', 6, NULL),
(1003, 3232235848, 'KT9G9A7', '2014-08-15 16:23:36', 0, 583),
(1004, 3232235848, 'HSBYZSV', '2014-08-15 16:24:00', 2, NULL),
(1005, 3232235848, 'HSBYZSV', '2014-08-15 16:24:12', 6, NULL),
(1006, 3232235848, 'HSBYZSV', '2014-08-15 16:24:26', 0, 584),
(1007, 3232235848, 'PWRD3KT', '2014-08-15 16:24:47', 2, NULL),
(1008, 3232235848, 'PWRD3KT', '2014-08-15 16:24:57', 6, NULL),
(1009, 3232235848, 'PWRD3KT', '2014-08-15 16:25:10', 0, 585),
(1010, 3232235848, 'K7HEO7H', '2014-08-15 16:25:32', 2, NULL),
(1011, 3232235848, 'K7HEO7H', '2014-08-15 16:25:53', 6, NULL),
(1012, 3232235848, 'K7HEO7H', '2014-08-15 16:26:06', 0, 586),
(1013, 3232235848, 'XI2HTX2', '2014-08-15 16:27:19', 2, NULL),
(1014, 3232235848, 'XI2HTX2', '2014-08-15 16:27:27', 6, NULL),
(1015, 3232235848, 'XI2HTX2', '2014-08-15 16:27:40', 0, 587),
(1016, 3232235848, '8GO2RL8', '2014-08-15 16:28:11', 2, NULL),
(1017, 3232235848, '8GO2RL8', '2014-08-15 16:28:18', 6, NULL),
(1018, 3232235848, '8GO2RL8', '2014-08-15 16:28:31', 0, 588),
(1019, 3232235848, 'RSMVVCV', '2014-08-15 16:29:36', 2, NULL),
(1020, 3232235848, 'RSMVVCV', '2014-08-15 16:29:44', 6, NULL),
(1021, 3232235848, 'RSMVVCV', '2014-08-15 16:29:58', 0, 589),
(1022, 3232235848, 'GL37W7D', '2014-08-15 16:41:11', 2, NULL),
(1023, 3232235848, 'GL37W7D', '2014-08-15 16:41:21', 6, NULL),
(1024, 3232235848, 'G3HSSS3', '2014-08-15 16:45:49', 2, NULL),
(1025, 3232235848, 'G3HSSS3', '2014-08-15 16:45:58', 6, NULL),
(1026, 3232235848, 'G3HSSS3', '2014-08-15 16:49:15', 4, NULL),
(1027, 3232235848, 'G3HSSS3', '2014-08-15 16:49:21', 2, NULL),
(1028, 3232235848, 'G3HSSS3', '2014-08-15 16:49:30', 6, NULL),
(1029, 3232235848, 'G3HSSS3', '2014-08-15 16:54:45', 2, NULL),
(1030, 3232235848, 'G3HSSS3', '2014-08-15 16:54:54', 6, NULL),
(1031, 3232235848, 'G3HSSS3', '2014-08-15 17:18:41', 2, NULL),
(1032, 3232235848, 'G3HSSS3', '2014-08-15 17:18:52', 6, NULL),
(1033, 3232235848, 'G3HSSS3', '2014-08-15 17:19:42', 2, NULL),
(1034, 3232235848, 'G3HSSS3', '2014-08-15 17:19:51', 6, NULL),
(1035, 3232235848, 'G3HSSS3', '2014-08-15 17:20:53', 2, NULL),
(1036, 3232235848, 'G3HSSS3', '2014-08-15 17:21:04', 6, NULL),
(1037, 3232235848, 'G3HSSS3', '2014-08-15 17:24:06', 2, NULL),
(1038, 3232235848, 'G3HSSS3', '2014-08-15 17:24:17', 6, NULL),
(1039, 3232235848, 'G3HSSS3', '2014-08-15 17:25:46', 4, NULL),
(1040, 3232235848, 'G3HSSS3', '2014-08-15 17:25:52', 2, NULL),
(1041, 3232235848, 'G3HSSS3', '2014-08-15 17:26:02', 6, NULL),
(1042, 3232235848, 'G3HSSS3', '2014-08-15 17:28:00', 4, NULL),
(1043, 3232235848, 'G3HSSS3', '2014-08-15 17:28:08', 2, NULL),
(1044, 3232235848, 'G3HSSS3', '2014-08-15 17:28:17', 6, NULL),
(1045, 3232235848, 'G3HSSS3', '2014-08-15 17:31:12', 2, NULL),
(1046, 3232235848, 'G3HSSS3', '2014-08-15 17:31:25', 6, NULL),
(1047, 3232235848, 'G3HSSS3', '2014-08-15 17:32:09', 2, NULL),
(1048, 3232235848, 'G3HSSS3', '2014-08-15 17:32:17', 6, NULL),
(1049, 3232235848, 'G3HSSS3', '2014-08-15 17:33:27', 2, NULL),
(1050, 3232235848, 'G3HSSS3', '2014-08-15 17:33:44', 6, NULL),
(1051, 3232235848, 'G3HSSS3', '2014-08-15 17:35:05', 2, NULL),
(1052, 3232235848, 'G3HSSS3', '2014-08-15 17:35:15', 6, NULL),
(1053, 3232235848, 'G3HSSS3', '2014-08-15 17:46:23', 2, NULL),
(1054, 3232235848, 'G3HSSS3', '2014-08-15 17:46:36', 6, NULL),
(1055, 3232235848, 'G3HSSS3', '2014-08-15 18:03:57', 2, NULL),
(1056, 3232235848, 'G3HSSS3', '2014-08-15 18:04:06', 6, NULL),
(1057, 3232235848, 'G3HSSS3', '2014-08-15 18:16:05', 2, NULL),
(1058, 3232235848, 'G3HSSS3', '2014-08-15 18:16:15', 6, NULL),
(1059, 3232235848, 'G3HSSS3', '2014-08-15 18:17:50', 2, NULL),
(1060, 3232235848, 'G3HSSS3', '2014-08-15 18:17:59', 6, NULL),
(1061, 3232235848, 'G3HSSS3', '2014-08-15 18:18:46', 2, NULL),
(1062, 3232235848, 'G3HSSS3', '2014-08-15 18:18:56', 6, NULL),
(1063, 3232235848, 'G3HSSS3', '2014-08-15 18:19:47', 2, NULL),
(1064, 3232235848, 'G3HSSS3', '2014-08-15 18:19:56', 6, NULL),
(1065, 3232235848, 'G3HSSS3', '2014-08-15 18:21:10', 4, NULL),
(1066, 3232235848, 'G3HSSS3', '2014-08-15 18:21:16', 2, NULL),
(1067, 3232235848, 'G3HSSS3', '2014-08-15 18:21:29', 6, NULL),
(1068, 3232235862, 'CAOPL79', '2014-08-18 07:42:44', 2, NULL),
(1069, 3232235862, 'CAOPL79', '2014-08-18 07:42:59', 6, NULL),
(1070, 3232235862, 'CAOPL79', '2014-08-18 07:45:01', 2, NULL),
(1071, 3232235862, 'CAOPL79', '2014-08-18 07:45:37', 6, NULL),
(1072, 3232235848, 'RR7NCXV', '2014-08-18 07:55:52', 2, NULL),
(1073, 3232235848, 'RR7NCXV', '2014-08-18 07:56:01', 6, NULL),
(1074, 3232235862, 'ZAEBM2A', '2014-08-18 07:56:04', 2, NULL),
(1075, 3232235862, 'ZAEBM2A', '2014-08-18 07:56:19', 6, NULL),
(1076, 3232235848, 'RR7NCXV', '2014-08-18 07:57:22', 0, 590),
(1077, 3232235848, '', '2014-08-18 07:57:38', 7, 590),
(1078, 3232235862, 'ZAEBM2A', '2014-08-18 07:58:25', 2, NULL),
(1079, 3232235862, 'ZAEBM2A', '2014-08-18 07:58:40', 6, NULL),
(1080, 3232235848, '2KVRZC7', '2014-08-18 08:45:19', 2, NULL),
(1081, 3232235848, '2KVRZC7', '2014-08-18 08:45:29', 6, NULL),
(1082, 3232235848, '2KVRZC7', '2014-08-18 08:47:01', 0, 591),
(1083, 3232235862, 'CAOPL79', '2014-08-18 09:01:48', 2, NULL),
(1084, 3232235862, 'CAOPL79', '2014-08-18 09:02:07', 6, NULL),
(1085, 3232235862, 'CAOPL79', '2014-08-18 09:04:28', 2, NULL),
(1086, 3232235862, 'CAOPL79', '2014-08-18 09:04:54', 2, NULL),
(1087, 3232235862, 'CAOPL79', '2014-08-18 09:05:33', 2, NULL),
(1088, 3232235862, 'CAOPL79', '2014-08-18 09:05:47', 6, NULL),
(1089, 3232235848, '2KVRZC7', '2014-08-18 09:21:23', 3, NULL),
(1090, 3232235848, 'GX9IWIC', '2014-08-18 09:21:36', 2, NULL),
(1091, 3232235848, 'GX9IWIC', '2014-08-18 09:21:58', 6, NULL),
(1092, 3232235848, 'GX9IWIC', '2014-08-18 09:41:01', 2, NULL),
(1093, 3232235848, 'GX9IWIC', '2014-08-18 09:42:22', 6, NULL),
(1094, 3232235848, 'GX9IWIC', '2014-08-18 09:43:40', 0, 592),
(1095, 3232235848, '', '2014-08-18 09:44:16', 7, 592),
(1096, 3232235848, '77AUA89', '2014-08-18 09:47:56', 2, NULL),
(1097, 3232235848, '77AUA89', '2014-08-18 09:48:08', 6, NULL),
(1098, 3232235848, '77AUA89', '2014-08-18 09:48:59', 0, 593),
(1099, 3232235848, '', '2014-08-18 09:49:28', 7, 593),
(1100, 3232235848, '77AUA89', '2014-08-18 12:56:55', 3, NULL),
(1101, 3232235848, 'GIVRWHZ', '2014-08-18 13:17:57', 5, NULL),
(1102, 3232235848, 'ZSRYDG2', '2014-08-18 13:18:17', 2, NULL),
(1103, 3232235848, 'ZSRYDG2', '2014-08-18 13:18:50', 6, NULL),
(1104, 3232235848, 'ZSRYDG2', '2014-08-18 13:21:30', 4, NULL),
(1105, 3232235848, 'ZSRYDG2', '2014-08-18 13:21:37', 2, NULL),
(1106, 3232235848, 'ZSRYDG2', '2014-08-18 13:22:08', 6, NULL),
(1107, 3232235848, 'ZSRYDG2', '2014-08-18 13:22:39', 0, 594),
(1108, 3232236020, '', '2014-08-18 22:56:09', 40, NULL),
(1109, 3232236020, '', '2014-08-18 23:00:51', 40, NULL),
(1110, 3232236020, '', '2014-08-18 23:00:55', 30, NULL),
(1111, 3232236020, '', '2014-08-18 23:01:00', 50, NULL),
(1112, 3232236020, '', '2014-08-18 23:08:04', 42, NULL),
(1113, 3232236020, '', '2014-08-18 23:08:12', 32, NULL),
(1114, 3232236020, '', '2014-08-18 23:08:25', 52, NULL),
(1115, 3232236020, '', '2014-08-18 23:08:30', 32, NULL),
(1116, 3232236020, '', '2014-08-18 23:18:45', 50008, NULL),
(1117, 3232236020, '', '2014-08-18 23:21:22', 50008, NULL),
(1118, 3232236020, '', '2014-08-18 23:23:01', 50008, NULL),
(1119, 3232236020, '', '2014-08-18 23:23:05', 40008, NULL),
(1120, 3232236020, '', '2014-08-18 23:24:33', 30008, NULL),
(1121, 3232236020, '', '2014-08-18 23:24:45', 30008, NULL),
(1122, 3232236020, '', '2014-08-18 23:25:00', 30008, NULL),
(1123, 3232236020, '', '2014-08-18 23:25:24', 30008, NULL),
(1124, 3232236020, '', '2014-08-19 00:03:11', 40008, NULL),
(1125, 3232236020, '', '2014-08-19 00:03:17', 30008, NULL),
(1126, 3232236020, '', '2014-08-19 00:12:11', 40008, NULL),
(1127, 3232236020, '', '2014-08-19 00:20:42', 40008, NULL),
(1128, 3232236020, '', '2014-08-19 00:20:47', 30008, NULL),
(1129, 3232236020, '', '2014-08-19 00:20:54', 40008, NULL),
(1130, 3232236020, '', '2014-08-19 00:21:58', 30008, NULL),
(1131, 3232236020, '', '2014-08-19 00:22:15', 30008, NULL),
(1132, 3232236020, '', '2014-08-19 00:22:34', 30008, NULL),
(1133, 3232235848, '', '2014-08-19 09:49:47', 30, NULL),
(1134, 3232235848, '', '2014-08-19 09:50:12', 40, NULL),
(1135, 3232235848, '', '2014-08-19 09:51:07', 50, NULL),
(1136, 3232235848, '', '2014-08-19 09:51:13', 30, NULL),
(1137, 3232235848, '', '2014-08-19 09:51:41', 500055, NULL),
(1138, 3232236020, '', '2014-08-19 09:53:18', 30, NULL),
(1139, 3232235848, '', '2014-08-19 09:54:42', 30, NULL),
(1140, 3232235848, '', '2014-08-19 09:56:34', 30, NULL),
(1141, 3232235848, '', '2014-08-19 09:57:25', 300057, NULL),
(1142, 3232235848, '', '2014-08-19 09:59:38', 300021, NULL),
(1143, 3232235848, '29EIV2B', '2014-08-19 10:01:29', 3, NULL),
(1144, 3232235848, 'ZSRYDG2', '2014-08-19 10:01:42', 3, NULL),
(1145, 3232235848, 'ZSRYDG2', '2014-08-19 10:01:50', 3, NULL),
(1146, 3232235848, 'MWNKC2C', '2014-08-19 10:02:07', 2, NULL),
(1147, 3232235848, 'MWNKC2C', '2014-08-19 10:02:22', 6, NULL),
(1148, 3232235848, 'MWNKC2C', '2014-08-19 10:02:42', 0, 595),
(1149, 3232235848, '', '2014-08-19 10:02:55', 31, NULL),
(1150, 3232235848, '', '2014-08-19 10:03:25', 41, NULL),
(1151, 3232235848, '', '2014-08-19 10:03:32', 31, NULL),
(1152, 3232235848, '', '2014-08-19 10:03:37', 51, NULL),
(1153, 3232235848, '', '2014-08-19 10:03:42', 41, NULL),
(1154, 3232235848, '', '2014-08-19 10:05:15', 32, NULL),
(1155, 3232235848, '', '2014-08-19 10:06:27', 42, NULL),
(1156, 3232235848, '', '2014-08-19 10:06:32', 52, NULL),
(1157, 3232235850, '122312', '2014-08-19 10:11:34', 4, NULL),
(1158, 3232235850, '122312', '2014-08-19 10:11:47', 5, NULL),
(1159, 3232235850, '1', '2014-08-19 10:34:10', 4, NULL),
(1160, 3232235850, '1', '2014-08-19 10:34:14', 4, NULL),
(1161, 3232235850, '1123123', '2014-08-19 10:34:21', 4, NULL),
(1162, 3232235850, '1121', '2014-08-19 10:42:06', 4, NULL),
(1163, 3232235850, '1121', '2014-08-19 10:42:14', 4, NULL),
(1164, 3232235850, '1121', '2014-08-19 10:42:17', 4, NULL),
(1165, 3232235850, '212', '2014-08-19 10:42:42', 4, NULL),
(1166, 3232235850, '11212', '2014-08-19 10:45:16', 4, NULL),
(1167, 3232235850, '112121111', '2014-08-19 10:45:36', 4, NULL),
(1168, 3232235850, '111', '2014-08-19 10:46:28', 4, NULL),
(1169, 3232235850, '1212', '2014-08-19 10:47:37', 4, NULL),
(1170, 3232235850, '111', '2014-08-19 10:48:04', 5, NULL),
(1171, 3232235850, '112', '2014-08-19 10:48:43', 4, NULL),
(1172, 3232235850, '1212', '2014-08-19 10:49:53', 4, NULL),
(1173, 3232235850, '1212231', '2014-08-19 10:50:21', 5, NULL),
(1174, 3232235850, '112', '2014-08-19 10:52:18', 4, NULL),
(1175, 3232235850, '4', '2014-08-19 10:57:14', 4, NULL),
(1176, 3232235848, '', '2014-08-19 11:07:24', 300045, NULL),
(1177, 3232235848, '', '2014-08-19 11:07:41', 400045, NULL),
(1178, 3232235848, '', '2014-08-19 11:07:52', 40, NULL),
(1179, 3232235820, '', '2014-08-19 11:11:00', 30, NULL),
(1180, 3232235820, '', '2014-08-19 11:11:09', 30, NULL),
(1181, 3232235848, '', '2014-08-19 11:18:02', 30, NULL),
(1182, 3232235848, '', '2014-08-19 11:18:19', 30, NULL),
(1183, 3232235848, '', '2014-08-19 11:18:31', 30, NULL),
(1184, 3232235848, '', '2014-08-19 11:18:58', 30, NULL),
(1185, 3232235820, '', '2014-08-19 11:21:03', 30, NULL),
(1186, 3232235848, '', '2014-08-19 11:21:33', 300057, NULL),
(1187, 3232235848, '', '2014-08-19 11:34:30', 40001, NULL),
(1188, 3232235848, '', '2014-08-19 11:34:54', 40001, NULL),
(1189, 3232235848, 'MWNKC2C', '2014-08-19 11:36:15', 3, NULL),
(1190, 3232235848, '7AC37KD', '2014-08-19 11:36:27', 2, NULL),
(1191, 3232235848, '7AC37KD', '2014-08-19 11:36:55', 2, NULL),
(1192, 3232235848, 'U3SVEHY', '2014-08-19 11:37:18', 2, NULL),
(1193, 3232235848, 'U3SVEHY', '2014-08-19 11:37:31', 6, NULL),
(1194, 3232235848, 'U3SVEHY', '2014-08-19 11:37:54', 0, 596),
(1195, 3232235848, '', '2014-08-19 11:38:20', 7, 596),
(1196, 3232235848, '', '2014-08-19 11:44:02', 40, NULL),
(1197, 3232235848, '', '2014-08-19 11:45:47', 30, NULL),
(1198, 3232235848, '', '2014-08-19 11:46:05', 50, NULL),
(1199, 3232235848, '', '2014-08-19 11:46:25', 400050, NULL),
(1200, 3232235848, '', '2014-08-19 11:46:34', 300050, NULL),
(1201, 3232235848, '', '2014-08-19 11:46:52', 400050, NULL),
(1202, 3232235848, '', '2014-08-19 11:46:58', 500050, NULL),
(1203, 3232235848, '', '2014-08-19 11:47:08', 500022, NULL),
(1204, 3232235848, '', '2014-08-19 11:47:15', 300022, NULL),
(1205, 3232235848, '', '2014-08-19 11:48:38', 400022, NULL),
(1206, 3232235848, '7AC37KD', '2014-08-19 11:48:57', 2, NULL),
(1207, 3232235848, '7AC37KD', '2014-08-19 11:49:06', 6, NULL),
(1208, 3232235848, '7AC37KD', '2014-08-19 11:49:29', 0, 597),
(1209, 3232235848, '', '2014-08-19 11:49:43', 51, NULL),
(1210, 3232235848, '', '2014-08-19 11:49:49', 31, NULL),
(1211, 3232235848, '', '2014-08-19 11:49:56', 41, NULL),
(1212, 3232235848, '', '2014-08-19 11:50:16', 31, NULL),
(1213, 3232235848, '', '2014-08-19 11:52:24', 42, NULL),
(1214, 3232235848, '', '2014-08-19 11:52:32', 32, NULL),
(1215, 3232235848, '', '2014-08-19 11:52:36', 52, NULL),
(1216, 3232235862, '', '2014-08-19 12:08:27', 30, NULL),
(1217, 3232235862, '', '2014-08-19 12:08:41', 40, NULL),
(1218, 3232235848, '', '2014-08-19 12:22:56', 40, NULL),
(1219, 3232235848, '', '2014-08-19 12:23:16', 30, NULL),
(1220, 3232235848, '', '2014-08-19 12:23:20', 30, NULL),
(1221, 3232235848, '', '2014-08-19 12:23:30', 30, NULL),
(1222, 3232235848, '', '2014-08-19 12:23:32', 50, NULL),
(1223, 3232235848, '', '2014-08-19 12:23:51', 50, NULL),
(1224, 3232235848, '', '2014-08-19 12:24:10', 30, NULL),
(1225, 3232235848, '', '2014-08-19 12:24:11', 30, NULL),
(1226, 3232235848, '', '2014-08-19 12:24:11', 30, NULL),
(1227, 3232235848, '', '2014-08-19 12:24:12', 30, NULL),
(1228, 3232235848, '', '2014-08-19 12:24:12', 30, NULL),
(1229, 3232235848, '', '2014-08-19 12:24:12', 30, NULL),
(1230, 3232235848, '', '2014-08-19 12:24:12', 30, NULL),
(1231, 3232235848, '', '2014-08-19 12:24:12', 30, NULL),
(1232, 3232235848, '', '2014-08-19 12:24:13', 30, NULL),
(1233, 3232235850, '123', '2014-08-19 12:33:08', 4, NULL),
(1234, 3232235820, '', '2014-08-19 12:41:04', 32, NULL),
(1235, 3232235820, '', '2014-08-19 12:42:10', 30, NULL),
(1236, 3232235820, '', '2014-08-19 12:42:50', 30, NULL),
(1237, 3232235820, '', '2014-08-19 12:43:24', 30, NULL),
(1238, 3232235820, '', '2014-08-19 12:43:33', 30, NULL),
(1239, 3232235820, '', '2014-08-19 12:44:53', 30, NULL),
(1240, 3232235820, '', '2014-08-19 12:46:59', 30, NULL),
(1241, 3232235820, '', '2014-08-19 12:49:06', 30, NULL),
(1242, 3232235820, '', '2014-08-19 12:50:01', 32, NULL),
(1243, 3232235850, '', '2014-08-19 12:55:34', 300051, NULL),
(1244, 3232235850, '', '2014-08-19 12:55:43', 400051, NULL),
(1245, 3232235820, '', '2014-08-19 13:09:15', 31, NULL),
(1246, 3232235850, 'AS213', '2014-08-19 14:15:52', 4, NULL),
(1247, 3232235848, '', '2014-08-19 14:45:56', 50, NULL),
(1248, 3232235848, '', '2014-08-19 14:46:03', 30, NULL),
(1249, 3232235848, '', '2014-08-19 14:47:33', 40, NULL),
(1250, 3232235848, '', '2014-08-19 14:47:50', 30, NULL),
(1251, 3232235848, 'DZ27YGN', '2014-08-19 14:57:45', 2, NULL),
(1252, 3232235848, 'DZ27YGN', '2014-08-19 14:58:12', 300021, NULL),
(1253, 3232235848, '', '2014-08-19 15:00:40', 50, NULL),
(1254, 3232235848, '', '2014-08-19 15:00:46', 30, NULL),
(1255, 3232235848, '', '2014-08-19 15:01:09', 50, NULL),
(1256, 3232235848, '', '2014-08-19 15:01:18', 30, NULL),
(1257, 3232235848, '', '2014-08-19 15:01:19', 30, NULL),
(1258, 3232235848, '', '2014-08-19 15:01:20', 30, NULL),
(1259, 3232235848, '', '2014-08-19 15:01:20', 30, NULL),
(1260, 3232235848, '', '2014-08-19 15:01:20', 30, NULL),
(1261, 3232235848, '', '2014-08-19 15:01:36', 30, NULL),
(1262, 3232235820, '', '2014-08-19 15:02:36', 30, NULL),
(1263, 3232235820, '', '2014-08-19 15:02:44', 50, NULL),
(1264, 3232235848, '', '2014-08-19 15:02:49', 30, NULL),
(1265, 3232235848, '', '2014-08-19 15:02:50', 30, NULL),
(1266, 3232235848, '', '2014-08-19 15:02:50', 30, NULL),
(1267, 3232235848, '', '2014-08-19 15:02:50', 30, NULL),
(1268, 3232235848, '', '2014-08-19 15:02:51', 30, NULL),
(1269, 3232235848, '', '2014-08-19 15:02:51', 30, NULL),
(1270, 3232235848, '', '2014-08-19 15:02:51', 30, NULL),
(1271, 3232235848, '', '2014-08-19 15:02:51', 30, NULL),
(1272, 3232235820, '', '2014-08-19 15:02:54', 40, NULL),
(1273, 3232235848, '', '2014-08-19 15:03:13', 50, NULL),
(1274, 3232235848, '', '2014-08-19 15:03:18', 40, NULL),
(1275, 3232235820, '', '2014-08-19 15:03:19', 30, NULL),
(1276, 3232235848, '', '2014-08-19 15:03:28', 30, NULL),
(1277, 3232235848, '', '2014-08-19 15:03:44', 30, NULL),
(1278, 3232235848, '', '2014-08-19 15:04:03', 300022, NULL),
(1279, 3232235848, '', '2014-08-19 15:04:04', 300022, NULL),
(1280, 3232235848, '', '2014-08-19 15:04:05', 300022, NULL),
(1281, 3232235848, '', '2014-08-19 15:04:05', 300022, NULL),
(1282, 3232235848, '', '2014-08-19 15:04:11', 500022, NULL),
(1283, 3232235820, '', '2014-08-19 15:05:09', 50, NULL),
(1284, 3232235820, '', '2014-08-19 15:05:30', 50008, NULL),
(1285, 3232235820, '', '2014-08-19 15:05:43', 30, NULL),
(1286, 3232235848, '', '2014-08-19 15:05:55', 30, NULL),
(1287, 3232235848, '', '2014-08-19 15:06:01', 50, NULL),
(1288, 3232235848, 'DZ27YGN', '2014-08-19 15:07:05', 2, NULL),
(1289, 3232235848, 'DZ27YGN', '2014-08-19 15:07:22', 6, NULL),
(1290, 3232235848, 'DZ27YGN', '2014-08-19 15:08:10', 0, 598),
(1291, 3232235848, '', '2014-08-19 15:08:24', 51, NULL),
(1292, 3232235848, '', '2014-08-19 15:08:27', 31, NULL),
(1293, 3232235848, '', '2014-08-19 15:09:04', 41, NULL),
(1294, 3232235848, '', '2014-08-19 15:10:04', 7, 598),
(1295, 3232235848, '', '2014-08-19 15:10:15', 40, NULL),
(1296, 3232235848, '', '2014-08-19 15:10:19', 30, NULL),
(1297, 3232235848, '', '2014-08-19 15:10:22', 50, NULL),
(1298, 3232235848, '', '2014-08-19 15:10:26', 42, NULL),
(1299, 3232235848, '', '2014-08-19 15:10:34', 32, NULL),
(1300, 3232235848, '', '2014-08-19 15:10:40', 52, NULL),
(1301, 3232235848, '', '2014-08-19 15:10:44', 32, NULL),
(1302, 3232235848, '', '2014-08-19 15:10:47', 42, NULL),
(1303, 3232235848, '', '2014-08-19 15:17:17', 30, NULL),
(1304, 3232235848, 'OFA7EGH', '2014-08-19 15:25:40', 2, NULL),
(1305, 3232235848, 'OFA7EGH', '2014-08-19 15:25:48', 6, NULL),
(1306, 3232235848, 'OFA7EGH', '2014-08-19 15:27:25', 2, NULL),
(1307, 3232235848, 'OFA7EGH', '2014-08-19 15:27:45', 6, NULL),
(1308, 3232235820, 'QWEWQE', '2014-08-19 15:53:23', 5, NULL),
(1309, 3232235820, 'SDFDSFD', '2014-08-19 15:54:35', 4, NULL),
(1310, 3232235820, 'SDFDSFD', '2014-08-19 15:54:45', 5, NULL),
(1311, 3232235848, 'OFA7EGH', '2014-08-19 16:46:36', 2, NULL),
(1312, 3232235848, 'OFA7EGH', '2014-08-19 16:46:55', 6, NULL),
(1313, 3232235848, 'OFA7EGH', '2014-08-19 16:47:16', 0, 599),
(1314, 3232235848, '', '2014-08-19 16:47:40', 31, NULL),
(1315, 3232235848, '', '2014-08-19 16:47:47', 41, NULL),
(1316, 3232235848, '', '2014-08-19 16:48:11', 31, NULL),
(1317, 3232235848, '', '2014-08-19 16:48:37', 7, 599),
(1318, 3232235820, '', '2014-08-19 16:56:41', 30, NULL),
(1319, 3232235820, '', '2014-08-19 16:56:50', 30, NULL),
(1320, 3232235820, 'AFTGAYE', '2014-08-19 22:18:29', 3, NULL),
(1321, 3232235820, 'T3U3ERZ', '2014-08-19 22:18:53', 3, NULL),
(1322, 3232235820, 'GKEBKB8', '2014-08-19 22:19:15', 5, NULL),
(1323, 3232235820, 'FOASTML', '2014-08-19 22:20:02', 3, NULL),
(1324, 3232235820, 'ASDASD', '2014-08-19 23:04:34', 4, NULL),
(1325, 3232235820, 'ASDASD', '2014-08-19 23:04:40', 5, NULL),
(1326, 3232235820, 'CODE1', '2014-08-19 23:04:51', 5, NULL),
(1327, 3232235820, 'CODE1', '2014-08-19 23:06:03', 5, NULL),
(1328, 3232235820, 'CODE1', '2014-08-19 23:06:31', 2, NULL),
(1329, 3232235820, 'CODE1', '2014-08-19 23:06:50', 2, NULL),
(1330, 3232235820, '', '2014-08-19 23:12:52', 1, NULL),
(1331, 3232235820, '', '2014-08-19 23:12:59', 1, NULL),
(1332, 3232235820, 'CODE2', '2014-08-19 23:15:34', 2, NULL),
(1333, 3232235820, 'CODE2', '2014-08-19 23:15:52', 0, 601),
(1334, 3232235820, 'CODE3', '2014-08-19 23:41:06', 2, NULL),
(1335, 3232235820, 'CODE3', '2014-08-19 23:41:19', 0, 602),
(1336, 3232235820, 'CODE4', '2014-08-20 00:07:45', 2, NULL),
(1337, 3232235820, 'CODE4', '2014-08-20 00:07:58', 0, 603),
(1338, 3232235820, 'CODE6', '2014-08-20 00:13:20', 2, NULL),
(1339, 3232235820, 'CODE6', '2014-08-20 00:13:33', 0, 604),
(1340, 3232235820, '', '2014-08-20 00:13:49', 7, 604),
(1341, 3232235820, 'CODE7', '2014-08-20 00:59:14', 2, NULL),
(1342, 3232235820, 'CODE7', '2014-08-20 01:00:13', 4, NULL),
(1343, 3232235820, 'CODE7', '2014-08-20 01:00:24', 2, NULL),
(1344, 3232235820, 'CODE7', '2014-08-20 01:02:38', 2, NULL),
(1345, 3232235820, 'CODE7', '2014-08-20 01:03:13', 0, 605),
(1346, 3232235820, 'CODE8', '2014-08-20 01:06:21', 2, NULL),
(1347, 3232235820, 'CODE8', '2014-08-20 01:06:39', 0, 606),
(1348, 3232235820, '', '2014-08-20 01:08:32', 7, 606),
(1349, 3232235820, 'CODE9', '2014-08-20 01:08:57', 2, NULL),
(1350, 3232235820, 'CODE9', '2014-08-20 01:09:12', 0, 607),
(1351, 3232235820, '', '2014-08-20 01:09:23', 7, 607),
(1352, 3232235820, 'CODE0', '2014-08-20 01:35:03', 2, NULL),
(1353, 3232235820, '', '2014-08-20 05:18:08', 40, NULL),
(1354, 3232235820, '', '2014-08-20 05:18:11', 30, NULL),
(1355, 3232235820, '', '2014-08-20 05:18:15', 50, NULL),
(1356, 3232235820, '', '2014-08-20 05:21:34', 50, NULL),
(1357, 3232235820, '', '2014-08-20 05:31:31', 50, NULL),
(1358, 3232235820, '', '2014-08-20 05:38:42', 50, NULL),
(1359, 3232235820, '', '2014-08-20 05:40:38', 50, NULL),
(1360, 3232235820, '', '2014-08-20 05:42:59', 50, NULL),
(1361, 3232235820, '', '2014-08-20 05:43:31', 50, NULL),
(1362, 3232235820, '', '2014-08-20 05:44:47', 50, NULL),
(1363, 3232235820, '', '2014-08-20 05:46:40', 50, NULL),
(1364, 3232235820, '', '2014-08-20 05:46:59', 50, NULL),
(1365, 3232235820, '', '2014-08-20 05:54:14', 30, NULL),
(1366, 3232235820, '', '2014-08-20 05:55:15', 30, NULL),
(1367, 3232235820, '', '2014-08-20 05:55:22', 30, NULL),
(1368, 3232235820, '', '2014-08-20 05:56:09', 300048, NULL),
(1369, 3232235820, '', '2014-08-20 05:56:29', 30, NULL),
(1370, 3232235820, '', '2014-08-20 06:04:18', 300048, NULL),
(1371, 3232235820, '', '2014-08-20 06:04:22', 400048, NULL),
(1372, 3232235820, '', '2014-08-20 06:08:55', 300048, NULL),
(1373, 3232235820, '', '2014-08-20 06:11:01', 30, NULL),
(1374, 3232235820, '', '2014-08-20 06:11:07', 30, NULL),
(1375, 3232235820, '', '2014-08-20 06:11:30', 50, NULL),
(1376, 3232235820, '', '2014-08-20 06:11:34', 40, NULL),
(1377, 3232235820, '', '2014-08-20 06:14:16', 400048, NULL),
(1378, 3232235820, '', '2014-08-20 06:15:31', 500048, NULL),
(1379, 3232235820, '', '2014-08-20 06:18:52', 500048, NULL),
(1380, 3232235820, '', '2014-08-20 06:18:57', 300048, NULL),
(1381, 3232235820, '', '2014-08-20 06:19:26', 500048, NULL),
(1382, 3232235820, '', '2014-08-20 06:20:19', 50, NULL),
(1383, 3232235820, '', '2014-08-20 06:21:54', 50, NULL),
(1384, 3232235869, 'FUCK', '2014-08-20 06:59:43', 4, NULL),
(1385, 3232235869, 'FUCK', '2014-08-20 07:00:06', 5, NULL),
(1386, 3232235869, 'FUCK', '2014-08-20 07:00:26', 5, NULL),
(1387, 3232235869, 'HHTUPHV', '2014-08-20 07:02:01', 3, NULL),
(1388, 3232235869, '29EIV2B', '2014-08-20 07:03:30', 3, NULL),
(1389, 3232235820, 'SDFSD', '2014-08-20 07:04:12', 4, NULL),
(1390, 3232235820, 'SDFSDF', '2014-08-20 07:04:15', 4, NULL),
(1391, 3232235869, '29EIV2B', '2014-08-20 07:06:38', 3, NULL),
(1392, 3232235869, 'SE2CPZC', '2014-08-20 07:07:12', 3, NULL),
(1393, 3232235869, 'SE2CPZC', '2014-08-20 07:07:57', 3, NULL),
(1394, 3232235848, 'SE2CPZC', '2014-08-20 07:08:22', 3, NULL),
(1395, 3232235848, 'B3FCYZ2', '2014-08-20 07:08:40', 5, NULL),
(1396, 3232235848, 'WKIVET3', '2014-08-20 07:08:51', 5, NULL),
(1397, 3232235848, '82CNPT8', '2014-08-20 07:09:03', 2, NULL),
(1398, 3232235869, '82CNPT8', '2014-08-20 07:09:37', 2, NULL),
(1399, 3232235820, 'PDXYMES', '2014-08-20 07:15:07', 2, NULL),
(1400, 3232235869, '82CNPT8', '2014-08-20 07:18:32', 6, NULL),
(1401, 3232235820, 'PDXYMES', '2014-08-20 07:19:01', 2, NULL),
(1402, 3232235862, '23RRPC7', '2014-08-20 07:22:18', 4, NULL),
(1403, 3232235848, 'ZDGR7VI', '2014-08-20 07:22:37', 2, NULL),
(1404, 3232235848, 'ZDGR7VI', '2014-08-20 07:22:44', 500048, NULL),
(1405, 3232235848, 'ZDGR7VI', '2014-08-20 07:22:46', 6, NULL),
(1406, 3232235862, '23RRPC7', '2014-08-20 07:23:42', 2, NULL),
(1407, 3232235820, 'PDXYMES', '2014-08-20 07:24:07', 2, NULL),
(1408, 3232235820, 'PDXYMES', '2014-08-20 07:24:47', 2, NULL),
(1409, 3232235869, '82CNPT8', '2014-08-20 07:25:20', 0, 608),
(1410, 3232235869, '', '2014-08-20 07:25:25', 50, NULL),
(1411, 3232235869, '', '2014-08-20 07:25:38', 30, NULL),
(1412, 3232235869, '', '2014-08-20 07:25:55', 40, NULL),
(1413, 3232235869, '', '2014-08-20 07:26:13', 50, NULL),
(1414, 3232235869, '', '2014-08-20 07:27:24', 7, 608),
(1415, 3232235820, 'PDXYMES', '2014-08-20 07:28:10', 50, NULL),
(1416, 3232235820, 'PDXYMES', '2014-08-20 07:30:31', 2, NULL),
(1417, 3232235820, 'PDXYMES', '2014-08-20 07:30:51', 4, NULL),
(1418, 3232235820, 'PDXYMES', '2014-08-20 07:31:00', 2, NULL),
(1419, 3232235869, 'OPH7DNM', '2014-08-20 07:31:53', 2, NULL),
(1420, 3232235820, 'PDXYMES', '2014-08-20 07:34:26', 50, NULL),
(1421, 3232235856, 'FGGG', '2014-08-20 07:35:15', 4, NULL),
(1422, 3232235856, 'GGGGF', '2014-08-20 07:35:30', 5, NULL),
(1423, 3232235820, 'PDXYMES', '2014-08-20 07:35:37', 2, NULL),
(1424, 3232235820, 'PDXYMES', '2014-08-20 07:36:00', 2, NULL),
(1425, 3232235856, 'OPH7DNM', '2014-08-20 07:36:00', 2, NULL),
(1426, 3232235856, 'OPH7DNM', '2014-08-20 07:36:23', 400021, NULL),
(1427, 3232235820, 'PDXYMES', '2014-08-20 07:36:34', 2, NULL),
(1428, 3232235820, 'PDXYMES', '2014-08-20 07:36:39', 500052, NULL),
(1429, 3232235856, 'OPH7DNM', '2014-08-20 07:37:29', 300021, NULL),
(1430, 3232235820, 'PDXYMES', '2014-08-20 07:37:49', 50, NULL),
(1431, 3232235856, 'OPH7DNM', '2014-08-20 07:37:50', 500021, NULL),
(1432, 3232235856, 'OPH7DNM', '2014-08-20 07:38:35', 6, NULL),
(1433, 3232235820, 'PDXYMES', '2014-08-20 07:39:26', 2, NULL),
(1434, 3232235820, 'PDXYMES', '2014-08-20 07:40:26', 2, NULL),
(1435, 3232235856, 'OPH7DNM', '2014-08-20 07:40:34', 0, 609),
(1436, 3232235856, '', '2014-08-20 07:41:11', 40, NULL),
(1437, 3232235820, 'PDXYMES', '2014-08-20 07:41:55', 2, NULL),
(1438, 3232235820, 'PDXYMES', '2014-08-20 07:42:26', 2, NULL),
(1439, 3232235850, 'CNPXGEE', '2014-08-20 07:42:51', 2, NULL),
(1440, 3232235820, 'PDXYMES', '2014-08-20 07:43:03', 2, NULL),
(1441, 3232235850, 'CNPXGEE', '2014-08-20 07:43:16', 2, NULL),
(1442, 3232235848, 'ZDGR7VI', '2014-08-20 07:43:28', 0, 610),
(1443, 3232235848, '', '2014-08-20 07:43:29', 40, NULL),
(1444, 3232235820, 'PDXYMES', '2014-08-20 07:45:18', 2, NULL),
(1445, 3232235820, 'PDXYMES', '2014-08-20 07:46:11', 2, NULL),
(1446, 3232235820, 'PDXYMES', '2014-08-20 07:47:17', 2, NULL),
(1447, 3232235850, 'CNPXGEE', '2014-08-20 07:48:08', 2, NULL),
(1448, 3232235820, 'PDXYMES', '2014-08-20 07:48:11', 2, NULL),
(1449, 3232235850, 'CNPXGEE', '2014-08-20 07:48:19', 2, NULL),
(1450, 3232235820, 'PDXYMES', '2014-08-20 07:49:01', 40, NULL),
(1451, 3232235856, 'HCUPGI2', '2014-08-20 07:49:45', 2, NULL),
(1452, 3232235856, 'HCUPGI2', '2014-08-20 07:50:02', 400021, NULL),
(1453, 3232235856, 'HCUPGI2', '2014-08-20 07:50:24', 300021, NULL),
(1454, 3232235820, 'PDXYMES', '2014-08-20 07:52:41', 30, NULL),
(1455, 3232235820, 'PDXYMES', '2014-08-20 07:53:00', 2, NULL),
(1456, 3232235820, 'PDXYMES', '2014-08-20 07:53:05', 300059, NULL),
(1457, 3232235856, 'HCUPGI2', '2014-08-20 07:53:44', 300021, NULL),
(1458, 3232235850, 'CNPXGEE', '2014-08-20 07:55:20', 2, NULL),
(1459, 3232235856, 'HCUPGI2', '2014-08-20 07:55:27', 300021, NULL),
(1460, 3232235820, 'PDXYMES', '2014-08-20 07:57:19', 2, NULL),
(1461, 3232235848, '', '2014-08-20 07:57:23', 30, NULL),
(1462, 3232235848, '', '2014-08-20 07:57:28', 40, NULL),
(1463, 3232235848, '', '2014-08-20 07:57:32', 50, NULL),
(1464, 3232235848, '', '2014-08-20 07:57:42', 50, NULL),
(1465, 3232235848, 'ZDGR7VI', '2014-08-20 07:58:00', 4, NULL),
(1466, 3232235848, 'VDKTDFX', '2014-08-20 07:58:16', 2, NULL),
(1467, 3232235848, 'VDKTDFX', '2014-08-20 07:58:22', 300047, NULL),
(1468, 3232235848, 'VDKTDFX', '2014-08-20 07:58:29', 500047, NULL),
(1469, 3232235848, 'VDKTDFX', '2014-08-20 07:58:34', 400047, NULL),
(1470, 3232235848, 'VDKTDFX', '2014-08-20 07:58:42', 400047, NULL),
(1471, 3232235848, 'VDKTDFX', '2014-08-20 07:58:52', 4, NULL),
(1472, 3232235848, 'VDKTDFX', '2014-08-20 07:59:02', 2, NULL),
(1473, 3232235850, 'CNPXGEE', '2014-08-20 07:59:06', 2, NULL),
(1474, 3232235848, 'VDKTDFX', '2014-08-20 07:59:07', 6, NULL),
(1475, 3232235848, 'VDKTDFX', '2014-08-20 07:59:27', 2, NULL),
(1476, 3232235848, 'VDKTDFX', '2014-08-20 07:59:33', 6, NULL),
(1477, 3232235848, 'VDKTDFX', '2014-08-20 07:59:46', 2, NULL),
(1478, 3232235848, 'VDKTDFX', '2014-08-20 07:59:51', 400054, NULL),
(1479, 3232235848, 'VDKTDFX', '2014-08-20 07:59:57', 300054, NULL),
(1480, 3232235848, 'VDKTDFX', '2014-08-20 08:00:03', 500054, NULL),
(1481, 3232235820, 'PDXYMES', '2014-08-20 08:00:20', 400022, NULL),
(1482, 3232235820, 'PDXYMES', '2014-08-20 08:03:09', 40, NULL),
(1483, 3232235820, 'PDXYMES', '2014-08-20 08:05:24', 2, NULL),
(1484, 3232235869, 'VDKTDFX', '2014-08-20 08:08:44', 2, NULL),
(1485, 3232235820, 'PDXYMES', '2014-08-20 08:09:13', 400048, NULL),
(1486, 3232235869, 'VDKTDFX', '2014-08-20 08:11:40', 500046, NULL),
(1487, 3232235869, 'VDKTDFX', '2014-08-20 08:11:54', 300046, NULL),
(1488, 3232235820, 'PDXYMES', '2014-08-20 08:13:02', 400047, NULL),
(1489, 3232235820, 'PDXYMES', '2014-08-20 08:16:33', 400048, NULL),
(1490, 3232235869, 'VDKTDFX', '2014-08-20 08:16:41', 400046, NULL),
(1491, 3232235869, 'VDKTDFX', '2014-08-20 08:16:55', 6, NULL),
(1492, 3232235848, 'VDKTDFX', '2014-08-20 08:17:46', 2, NULL),
(1493, 3232235848, 'VDKTDFX', '2014-08-20 08:17:50', 6, NULL),
(1494, 3232235820, 'PDXYMES', '2014-08-20 08:18:06', 6, NULL),
(1495, 3232235820, 'PDXYMES', '2014-08-20 08:20:41', 2, NULL),
(1496, 3232235820, 'PDXYMES', '2014-08-20 08:20:47', 300056, NULL),
(1497, 3232235820, 'PDXYMES', '2014-08-20 08:20:55', 400056, NULL),
(1498, 3232235848, 'VDKTDFX', '2014-08-20 08:27:09', 2, NULL),
(1499, 3232235848, 'VDKTDFX', '2014-08-20 08:27:14', 6, NULL),
(1500, 3232235848, 'VDKTDFX', '2014-08-20 08:29:46', 2, NULL),
(1501, 3232235869, 'VDKTDFX', '2014-08-20 08:31:10', 6, NULL),
(1502, 3232235869, 'VDKTDFX', '2014-08-20 08:32:02', 0, 611),
(1503, 3232235869, '', '2014-08-20 08:33:06', 7, 611),
(1504, 3232235869, '', '2014-08-20 08:34:16', 6, NULL),
(1505, 3232235869, '', '2014-08-20 08:34:35', 1, NULL),
(1506, 3232235869, '', '2014-08-20 08:34:52', 1, NULL),
(1507, 3232235869, '', '2014-08-20 08:35:42', 6, NULL),
(1508, 3232235869, 'DA8TO8Z', '2014-08-20 08:36:36', 2, NULL),
(1509, 3232235869, 'DA8TO8Z', '2014-08-20 08:36:42', 6, NULL),
(1510, 3232235869, 'DA8TO8Z', '2014-08-20 08:36:57', 0, 612),
(1511, 3232235869, '', '2014-08-20 08:38:16', 30, NULL),
(1512, 3232235869, '', '2014-08-20 08:38:30', 50, NULL),
(1513, 3232235869, '', '2014-08-20 08:38:46', 40, NULL),
(1514, 3232235820, 'PDXYMES', '2014-08-20 08:40:06', 400048, NULL),
(1515, 3232235820, 'PDXYMES', '2014-08-20 09:29:09', 400048, NULL),
(1516, 3232235820, 'PDXYMES', '2014-08-20 09:29:54', 400048, NULL),
(1517, 3232235820, 'PDXYMES', '2014-08-20 09:30:13', 40008, NULL),
(1518, 3232235820, 'PDXYMES', '2014-08-20 09:30:22', 40, NULL),
(1519, 3232236953, 'CNPXGEE', '2014-08-20 12:31:50', 2, NULL),
(1520, 3232236953, 'CNPXGEE', '2014-08-20 12:31:58', 6, NULL),
(1521, 3232235850, '', '2014-08-20 12:34:04', 6, NULL),
(1522, 3232236953, 'CNPXGEE', '2014-08-20 12:36:32', 2, NULL),
(1523, 3232236953, 'CNPXGEE', '2014-08-20 12:36:49', 6, NULL),
(1524, 3232235850, 'CNPXGEE', '2014-08-20 12:42:53', 4, NULL),
(1525, 3232235850, 'CNPXGEE', '2014-08-20 12:43:01', 2, NULL),
(1526, 3232235850, 'CNPXGEE', '2014-08-20 12:43:09', 6, NULL),
(1527, 3232235850, 'CNPXGEE', '2014-08-20 12:48:51', 2, NULL),
(1528, 3232235850, 'CNPXGEE', '2014-08-20 12:49:35', 6, NULL),
(1529, 3232235850, 'CNPXGEE', '2014-08-20 12:53:51', 2, NULL),
(1530, 3232235850, 'CNPXGEE', '2014-08-20 12:53:57', 6, NULL),
(1531, 3232235869, 'DA8TO8Z', '2014-08-20 13:08:12', 3, NULL),
(1532, 3232235869, '3EYLET8', '2014-08-20 13:08:43', 2, NULL),
(1533, 3232235869, '3EYLET8', '2014-08-20 13:09:16', 400022, NULL),
(1534, 3232235869, '3EYLET8', '2014-08-20 13:09:48', 6, NULL),
(1535, 3232235869, '3EYLET8', '2014-08-20 13:11:53', 0, 613),
(1536, 3232235869, '', '2014-08-20 13:12:20', 40, NULL),
(1537, 3232235869, '', '2014-08-20 13:13:34', 7, 613),
(1538, 3232235820, 'PDXYMES', '2014-08-20 13:14:51', 2, NULL),
(1539, 3232235820, 'PDXYMES', '2014-08-20 13:14:57', 400022, NULL),
(1540, 3232235869, 'E22MEFD', '2014-08-20 13:16:28', 2, NULL),
(1541, 3232235869, 'E22MEFD', '2014-08-20 13:16:38', 400021, NULL),
(1542, 3232235869, 'E22MEFD', '2014-08-20 13:17:28', 300021, NULL),
(1543, 3232235869, 'E22MEFD', '2014-08-20 13:18:00', 6, NULL),
(1544, 3232235869, 'E22MEFD', '2014-08-20 13:32:43', 2, NULL),
(1545, 3232235869, 'E22MEFD', '2014-08-20 13:32:53', 6, NULL),
(1546, 3232235869, 'E22MEFD', '2014-08-20 13:33:39', 2, NULL),
(1547, 3232235869, 'E22MEFD', '2014-08-20 13:33:46', 400021, NULL),
(1548, 3232235869, 'E22MEFD', '2014-08-20 13:34:22', 300021, NULL),
(1549, 3232235820, 'PDXYMES', '2014-08-20 13:35:09', 300022, NULL),
(1550, 3232235869, 'E22MEFD', '2014-08-20 13:35:15', 500021, NULL),
(1551, 3232235869, 'E22MEFD', '2014-08-20 13:40:08', 6, NULL),
(1552, 3232235869, 'E22MEFD', '2014-08-20 13:46:36', 4, NULL),
(1553, 3232235869, 'E22MEFD', '2014-08-20 13:47:00', 2, NULL),
(1554, 3232235869, 'E22MEFD', '2014-08-20 13:47:07', 400059, NULL),
(1555, 3232235869, 'E22MEFD', '2014-08-20 13:48:53', 300059, NULL),
(1556, 3232235869, 'E22MEFD', '2014-08-20 13:50:54', 6, NULL),
(1557, 3232235869, 'E22MEFD', '2014-08-20 13:59:52', 2, NULL),
(1558, 3232235869, 'E22MEFD', '2014-08-20 14:00:09', 6, NULL),
(1559, 3232235869, 'E22MEFD', '2014-08-20 14:01:01', 0, 614),
(1560, 3232235869, 'RL7ICOL', '2014-08-20 14:05:46', 2, NULL),
(1561, 3232235869, 'RL7ICOL', '2014-08-20 14:05:54', 6, NULL),
(1562, 3232235869, 'RL7ICOL', '2014-08-20 14:06:17', 0, 615),
(1563, 3232235869, '', '2014-08-20 14:06:24', 40, NULL),
(1564, 3232235869, '', '2014-08-20 14:06:39', 30, NULL),
(1565, 3232235869, '', '2014-08-20 14:06:48', 50, NULL),
(1566, 3232235869, '', '2014-08-20 14:08:07', 50, NULL),
(1567, 3232235848, '', '2014-08-20 14:15:16', 50, NULL),
(1568, 3232235848, '', '2014-08-20 14:15:22', 30, NULL),
(1569, 3232235848, '', '2014-08-20 14:15:37', 40, NULL),
(1570, 3232235848, 'VZULCK9', '2014-08-20 14:16:40', 2, NULL),
(1571, 3232235848, 'VZULCK9', '2014-08-20 14:17:00', 400057, NULL),
(1572, 3232235848, 'VZULCK9', '2014-08-20 14:17:06', 300057, NULL),
(1573, 3232235848, '', '2014-08-20 14:19:03', 300057, NULL),
(1574, 3232235848, '', '2014-08-20 14:20:08', 300057, NULL),
(1575, 3232235848, '', '2014-08-20 14:20:21', 300057, NULL),
(1576, 3232235848, '', '2014-08-20 14:21:23', 300051, NULL),
(1577, 3232235848, '', '2014-08-20 14:21:34', 400051, NULL),
(1578, 3232235856, 'VZULCK9', '2014-08-20 14:32:30', 4, NULL),
(1579, 3232235856, 'VZULCK9', '2014-08-20 14:32:59', 4, NULL),
(1580, 3232235856, 'VZULCK9', '2014-08-20 14:33:19', 4, NULL),
(1581, 3232235856, 'SZ987EO', '2014-08-20 14:34:07', 2, NULL),
(1582, 3232235856, 'SZ987EO', '2014-08-20 14:34:25', 400048, NULL),
(1583, 3232235856, 'SZ987EO', '2014-08-20 14:34:42', 300048, NULL),
(1584, 3232235856, 'SZ987EO', '2014-08-20 14:35:09', 500048, NULL),
(1585, 3232235856, 'SZ987EO', '2014-08-20 14:35:20', 6, NULL),
(1586, 3232235856, 'SZ987EO', '2014-08-20 14:36:26', 0, 616),
(1587, 3232235856, '', '2014-08-20 14:37:10', 40, NULL),
(1588, 3232235856, '', '2014-08-20 14:37:18', 30, NULL),
(1589, 3232235856, '', '2014-08-20 14:37:26', 50, NULL),
(1590, 3232235848, 'UA3P278', '2014-08-20 14:47:45', 2, NULL),
(1591, 3232235848, 'UA3P278', '2014-08-20 14:48:02', 6, NULL),
(1592, 3232235862, '', '2014-08-20 14:55:14', 500051, NULL),
(1593, 3232235848, 'UA3P278', '2014-08-20 15:23:36', 2, NULL),
(1594, 3232235848, 'UA3P278', '2014-08-20 15:24:17', 6, NULL),
(1595, 3232235848, 'UA3P278', '2014-08-20 15:30:01', 0, 617),
(1596, 3232235848, 'ABP9C8U', '2014-08-20 15:54:26', 2, NULL),
(1597, 3232235848, 'ABP9C8U', '2014-08-20 15:54:33', 6, NULL),
(1598, 3232235848, 'ABP9C8U', '2014-08-20 15:54:44', 0, 618),
(1599, 3232235848, '', '2014-08-20 15:55:03', 7, 618),
(1600, 3232235848, 'BG2IONL', '2014-08-20 15:56:36', 2, NULL),
(1601, 3232235848, 'BG2IONL', '2014-08-20 15:57:18', 6, NULL),
(1602, 3232235848, 'BG2IONL', '2014-08-20 15:57:50', 0, 619),
(1603, 3232235848, '', '2014-08-20 15:58:14', 7, 619),
(1604, 3232235848, '', '2014-08-20 16:03:32', 40, NULL),
(1605, 3232235848, '', '2014-08-20 16:03:44', 30, NULL),
(1606, 3232235848, '', '2014-08-20 16:04:00', 50, NULL),
(1607, 3232235848, 'DDDDDD', '2014-08-20 16:04:17', 5, NULL),
(1608, 3232235848, 'NTNWUVR', '2014-08-20 16:04:31', 2, NULL),
(1609, 3232235848, 'NTNWUVR', '2014-08-20 16:05:20', 400045, NULL),
(1610, 3232235848, 'NTNWUVR', '2014-08-20 16:05:25', 300045, NULL),
(1611, 3232235848, 'NTNWUVR', '2014-08-20 16:05:35', 50, NULL),
(1612, 3232235848, 'NTNWUVR', '2014-08-20 16:05:41', 500045, NULL),
(1613, 3232235848, 'NTNWUVR', '2014-08-20 16:05:44', 300045, NULL),
(1614, 3232235848, 'NTNWUVR', '2014-08-20 16:06:05', 2, NULL),
(1615, 3232235848, 'NTNWUVR', '2014-08-20 16:06:25', 6, NULL),
(1616, 3232235848, 'NTNWUVR', '2014-08-20 16:06:59', 0, 620),
(1617, 3232235848, '', '2014-08-20 16:07:14', 51, NULL),
(1618, 3232235848, '', '2014-08-20 16:07:22', 31, NULL),
(1619, 3232235848, '', '2014-08-20 16:07:31', 51, NULL),
(1620, 3232235848, '', '2014-08-20 16:07:34', 41, NULL),
(1621, 3232235848, '', '2014-08-20 16:07:40', 31, NULL),
(1622, 3232235848, '', '2014-08-20 16:08:29', 42, NULL),
(1623, 3232235848, '', '2014-08-20 16:08:33', 32, NULL),
(1624, 3232235848, '', '2014-08-20 16:08:38', 52, NULL),
(1625, 3232235848, '', '2014-08-20 16:08:43', 52, NULL),
(1626, 3232235869, 'NTNWUVR', '2014-08-20 16:14:53', 3, NULL),
(1627, 3232235869, '8SUCOGF', '2014-08-20 16:15:23', 2, NULL),
(1628, 3232235869, '8SUCOGF', '2014-08-20 16:15:53', 400046, NULL),
(1629, 3232235869, '8SUCOGF', '2014-08-20 16:15:59', 300046, NULL),
(1630, 3232235869, '8SUCOGF', '2014-08-20 16:16:09', 500046, NULL),
(1631, 3232235869, '8SUCOGF', '2014-08-20 16:16:15', 6, NULL),
(1632, 3232235869, '8SUCOGF', '2014-08-20 16:17:06', 0, 621),
(1633, 3232235869, '', '2014-08-20 16:17:08', 40, NULL),
(1634, 3232235869, '', '2014-08-20 16:17:12', 30, NULL),
(1635, 3232235869, '', '2014-08-20 16:17:15', 50, NULL),
(1636, 3232235869, '', '2014-08-20 16:17:38', 7, 621),
(1637, 3232235869, '', '2014-08-20 16:20:11', 6, NULL),
(1638, 3232235848, '', '2014-08-20 16:46:09', 300046, NULL),
(1639, 3232235848, '', '2014-08-20 16:46:18', 400046, NULL),
(1640, 3232235848, '', '2014-08-20 16:46:26', 400046, NULL),
(1641, 3232235848, '', '2014-08-20 16:46:30', 300046, NULL),
(1642, 3232235856, 'DSWZIBW', '2014-08-20 16:47:41', 4, NULL),
(1643, 3232235856, 'DSWZIBW', '2014-08-20 16:48:11', 4, NULL),
(1644, 3232235856, 'KRVSCZU', '2014-08-20 16:48:37', 4, NULL),
(1645, 3232235856, 'KRVSCZU', '2014-08-20 16:49:33', 4, NULL),
(1646, 3232235856, 'KRVSCZU', '2014-08-20 16:50:08', 2, NULL),
(1647, 3232235856, 'KRVSCZU', '2014-08-20 16:50:19', 6, NULL),
(1648, 3232235856, 'KRVSCZU', '2014-08-20 16:50:33', 0, 622),
(1649, 3232235856, 'XRYM7NP', '2014-08-20 17:02:35', 4, NULL),
(1650, 3232235856, 'UIXII2R', '2014-08-20 17:03:15', 4, NULL),
(1651, 3232235848, 'UIXII2R', '2014-08-20 17:03:32', 2, NULL),
(1652, 3232235856, 'UIXII2R', '2014-08-20 17:04:03', 4, NULL),
(1653, 3232235856, 'UIXII2R', '2014-08-20 17:04:35', 4, NULL),
(1654, 3232235856, 'UIXII2R', '2014-08-20 17:04:57', 2, NULL),
(1655, 3232235856, 'UIXII2R', '2014-08-20 17:05:31', 6, NULL),
(1656, 3232235856, 'UIXII2R', '2014-08-20 17:05:49', 0, 623),
(1657, 3232235856, '', '2014-08-20 17:06:03', 7, 623),
(1658, 3232235820, 'PDXYMES', '2014-08-20 17:59:55', 400050, NULL),
(1659, 1539792052, '', '2014-08-22 07:49:02', 500051, NULL),
(1660, 3232235848, '', '2014-08-22 15:34:03', 400050, NULL),
(1661, 3232235848, '', '2014-08-22 15:34:11', 300050, NULL),
(1662, 3232235848, '', '2014-08-22 15:34:25', 500050, NULL),
(1663, 3232235848, '', '2014-08-22 15:34:32', 40, NULL),
(1664, 3232235848, '', '2014-08-22 15:35:29', 300048, NULL),
(1665, 3232235848, '', '2014-08-22 15:35:38', 400048, NULL),
(1666, 3232235848, '', '2014-08-22 15:35:44', 300048, NULL),
(1667, 3232235848, '', '2014-08-22 15:38:11', 500048, NULL),
(1668, 3232235848, '', '2014-08-22 15:38:38', 300048, NULL),
(1669, 3232235848, '', '2014-08-22 15:59:35', 300056, NULL),
(1670, 3232235848, '', '2014-08-22 15:59:49', 400052, NULL),
(1671, 3232235848, '', '2014-08-22 15:59:54', 300052, NULL),
(1672, 3232235848, '', '2014-08-26 07:58:23', 300021, NULL),
(1673, 3232235848, '', '2014-08-26 07:59:33', 300021, NULL),
(1674, 3232235848, '', '2014-08-26 07:59:38', 500021, NULL),
(1675, 3232235848, '', '2014-08-26 07:59:38', 500021, NULL),
(1676, 3232235848, '', '2014-08-26 07:59:41', 500021, NULL),
(1677, 3232235848, '', '2014-08-26 07:59:47', 500021, NULL),
(1678, 3232235848, '', '2014-08-26 07:59:51', 400021, NULL),
(1679, 3232235848, '', '2014-08-26 08:00:30', 30, NULL),
(1680, 3232235848, '', '2014-08-26 08:00:37', 300022, NULL),
(1681, 3232235848, '', '2014-08-26 08:01:36', 300054, NULL),
(1682, 3232235848, '', '2014-08-26 08:02:16', 400054, NULL),
(1683, 3232235848, '', '2014-08-26 08:02:36', 500054, NULL),
(1684, 3232235848, '', '2014-08-26 08:03:00', 300054, NULL),
(1685, 3232235848, '', '2014-08-26 08:11:37', 300054, NULL),
(1686, 3232235848, '', '2014-08-26 09:14:43', 300051, NULL),
(1687, 3232235848, '', '2014-08-26 09:15:48', 300056, NULL),
(1688, 3232235848, '', '2014-08-26 09:16:45', 300056, NULL),
(1689, 3232235848, '', '2014-08-26 09:16:50', 500056, NULL),
(1690, 3232235848, '', '2014-08-26 09:16:54', 400056, NULL),
(1691, 3232235848, '', '2014-08-26 09:20:46', 300047, NULL),
(1692, 3232235848, 'UAE32EV', '2014-08-26 12:28:23', 2, NULL);

-- --------------------------------------------------------

--
-- Структура таблицы `users`
--

CREATE TABLE IF NOT EXISTS `users` (
  `user_id` int(10) unsigned NOT NULL AUTO_INCREMENT,
  `login` varchar(40) COLLATE utf8_unicode_ci NOT NULL,
  `pass` varchar(40) COLLATE utf8_unicode_ci NOT NULL,
  `role` int(11) NOT NULL,
  `ip` int(12) NOT NULL,
  `last_login` int(12) NOT NULL,
  `block` int(2) NOT NULL DEFAULT '0',
  PRIMARY KEY (`user_id`),
  UNIQUE KEY `login_UNIQUE` (`login`)
) ENGINE=InnoDB  DEFAULT CHARSET=utf8 COLLATE=utf8_unicode_ci AUTO_INCREMENT=71 ;

--
-- Дамп данных таблицы `users`
--

INSERT INTO `users` (`user_id`, `login`, `pass`, `role`, `ip`, `last_login`, `block`) VALUES
(32, 'admin', '62eb99f6543bf59124fa205ca5d1b2df', 1, 0, 0, 0),
(46, 'btl', '9bf0b35146621584f9c46f6b05baaf5a', 2, 0, 0, 0),
(48, 'call', '5ae44b163ad2072920185287fc64c4e9', 3, 0, 0, 0),
(49, 'admin1', '05c68b7682ed26040501266c380541f0', 1, 0, 0, 0),
(50, 'btl1', '61369776fb8ba11d00cfcd5f003f2303', 2, 0, 0, 0),
(51, 'call1', 'c4ca4238a0b923820dcc509a6f75849b', 3, 0, 0, 0),
(60, '', 'b0ab9b9001b9b03baa26d5e93fec7a73', 0, 0, 0, 0),
(61, 'qwertyu', '2834bd73273a901ea928800264e07b75', 1, 0, 0, 0),
(62, 'dos_test', '9623c35254f307f87b10b5ed2f082175', 1, 0, 0, 0),
(68, 'qaszxde', '3c163c0a1685e24bdec2118791d20afb', 3, 0, 0, 0),
(69, 'dostest3', 'd3dfb5968793e9660ff0c12ec4fe9d06', 1, 0, 0, 0),
(70, 'dostest4', '4ca4b7f74756dae9213707b7291053b8', 1, 0, 0, 0);

--
-- Ограничения внешнего ключа сохраненных таблиц
--

--
-- Ограничения внешнего ключа таблицы `boxes`
--
ALTER TABLE `boxes`
  ADD CONSTRAINT `fk_boxes_places` FOREIGN KEY (`place_id`) REFERENCES `places` (`place_id`) ON DELETE SET NULL ON UPDATE NO ACTION;

--
-- Ограничения внешнего ключа таблицы `gifts`
--
ALTER TABLE `gifts`
  ADD CONSTRAINT `fk_gifts_boxes1` FOREIGN KEY (`box_id`) REFERENCES `boxes` (`box_id`) ON DELETE NO ACTION ON UPDATE NO ACTION;

/*!40101 SET CHARACTER_SET_CLIENT=@OLD_CHARACTER_SET_CLIENT */;
/*!40101 SET CHARACTER_SET_RESULTS=@OLD_CHARACTER_SET_RESULTS */;
/*!40101 SET COLLATION_CONNECTION=@OLD_COLLATION_CONNECTION */;
